geo,nrg_cons,tax,period,year,semester,price_eur_per_kwh
DE,MWH20-499,I_TAX,2007-S1,2007,S1,0.1642
DE,MWH20-499,I_TAX,2007-S2,2007,S2,0.1614
DE,MWH20-499,I_TAX,2008-S1,2008,S1,0.1658
DE,MWH20-499,I_TAX,2008-S2,2008,S2,0.168
DE,MWH20-499,I_TAX,2009-S1,2009,S1,0.174
DE,MWH20-499,I_TAX,2009-S2,2009,S2,0.1752
DE,MWH20-499,I_TAX,2010-S1,2010,S1,0.175
DE,MWH20-499,I_TAX,2010-S2,2010,S2,0.1798
DE,MWH20-499,I_TAX,2011-S1,2011,S1,0.1906
DE,MWH20-499,I_TAX,2011-S2,2011,S2,0.191
DE,MWH20-499,I_TAX,2012-S1,2012,S1,0.1952
DE,MWH20-499,I_TAX,2012-S2,2012,S2,0.1968
DE,MWH20-499,I_TAX,2013-S1,2013,S1,0.2147
DE,MWH20-499,I_TAX,2013-S2,2013,S2,0.2185
DE,MWH20-499,I_TAX,2014-S1,2014,S1,0.2409
DE,MWH20-499,I_TAX,2014-S2,2014,S2,0.2302
DE,MWH20-499,I_TAX,2015-S1,2015,S1,0.2276
DE,MWH20-499,I_TAX,2015-S2,2015,S2,0.2226
DE,MWH20-499,I_TAX,2016-S1,2016,S1,0.2259
DE,MWH20-499,I_TAX,2016-S2,2016,S2,0.2233
DE,MWH20-499,I_TAX,2017-S1,2017,S1,0.2305
DE,MWH20-499,I_TAX,2017-S2,2017,S2,0.2278
DE,MWH20-499,I_TAX,2018-S1,2018,S1,0.2231
DE,MWH20-499,I_TAX,2018-S2,2018,S2,0.2256
DE,MWH20-499,I_TAX,2019-S1,2019,S1,0.2298
DE,MWH20-499,I_TAX,2019-S2,2019,S2,0.2232
DE,MWH20-499,I_TAX,2020-S1,2020,S1,0.2404
DE,MWH20-499,I_TAX,2020-S2,2020,S2,0.2378
DE,MWH20-499,I_TAX,2021-S1,2021,S1,0.245
DE,MWH20-499,I_TAX,2021-S2,2021,S2,0.2485
DE,MWH20-499,I_TAX,2022-S1,2022,S1,0.2774
DE,MWH20-499,I_TAX,2022-S2,2022,S2,0.2685
DE,MWH20-499,I_TAX,2023-S1,2023,S1,0.2997
DE,MWH20-499,I_TAX,2023-S2,2023,S2,0.3
DE,MWH20-499,I_TAX,2024-S1,2024,S1,0.3244
DE,MWH20-499,I_TAX,2024-S2,2024,S2,0.3233
DE,MWH20-499,I_TAX,2025-S1,2025,S1,0.3141
DE,MWH20-499,I_TAX,2025-S2,2025,S2,0.312
DE,MWH20-499,X_TAX,2007-S1,2007,S1,0.1104
DE,MWH20-499,X_TAX,2007-S2,2007,S2,0.1094
DE,MWH20-499,X_TAX,2008-S1,2008,S1,0.1115
DE,MWH20-499,X_TAX,2008-S2,2008,S2,0.1138
DE,MWH20-499,X_TAX,2009-S1,2009,S1,0.1158
DE,MWH20-499,X_TAX,2009-S2,2009,S2,0.1137
DE,MWH20-499,X_TAX,2010-S1,2010,S1,0.1096
DE,MWH20-499,X_TAX,2010-S2,2010,S2,0.1107
DE,MWH20-499,X_TAX,2011-S1,2011,S1,0.1099
DE,MWH20-499,X_TAX,2011-S2,2011,S2,0.11
DE,MWH20-499,X_TAX,2012-S1,2012,S1,0.1091
DE,MWH20-499,X_TAX,2012-S2,2012,S2,0.1068
DE,MWH20-499,X_TAX,2013-S1,2013,S1,0.1056
DE,MWH20-499,X_TAX,2013-S2,2013,S2,0.1119
DE,MWH20-499,X_TAX,2014-S1,2014,S1,0.1096
DE,MWH20-499,X_TAX,2014-S2,2014,S2,0.1029
DE,MWH20-499,X_TAX,2015-S1,2015,S1,0.1031
DE,MWH20-499,X_TAX,2015-S2,2015,S2,0.1008
DE,MWH20-499,X_TAX,2016-S1,2016,S1,0.0988
DE,MWH20-499,X_TAX,2016-S2,2016,S2,0.0982
DE,MWH20-499,X_TAX,2017-S1,2017,S1,0.0997
DE,MWH20-499,X_TAX,2017-S2,2017,S2,0.0977
DE,MWH20-499,X_TAX,2018-S1,2018,S1,0.0948
DE,MWH20-499,X_TAX,2018-S2,2018,S2,0.0965
DE,MWH20-499,X_TAX,2019-S1,2019,S1,0.1016
DE,MWH20-499,X_TAX,2019-S2,2019,S2,0.0871
DE,MWH20-499,X_TAX,2020-S1,2020,S1,0.0993
DE,MWH20-499,X_TAX,2020-S2,2020,S2,0.1015
DE,MWH20-499,X_TAX,2021-S1,2021,S1,0.1041
DE,MWH20-499,X_TAX,2021-S2,2021,S2,0.1074
DE,MWH20-499,X_TAX,2022-S1,2022,S1,0.158
DE,MWH20-499,X_TAX,2022-S2,2022,S2,0.1876
DE,MWH20-499,X_TAX,2023-S1,2023,S1,0.2124
DE,MWH20-499,X_TAX,2023-S2,2023,S2,0.2126
DE,MWH20-499,X_TAX,2024-S1,2024,S1,0.2313
DE,MWH20-499,X_TAX,2024-S2,2024,S2,0.2302
DE,MWH20-499,X_TAX,2025-S1,2025,S1,0.2118
DE,MWH20-499,X_TAX,2025-S2,2025,S2,0.2101
DE,MWH20-499,X_VAT,2007-S1,2007,S1,0.1227
DE,MWH20-499,X_VAT,2007-S2,2007,S2,0.1225
DE,MWH20-499,X_VAT,2008-S1,2008,S1,0.1252
DE,MWH20-499,X_VAT,2008-S2,2008,S2,0.128
DE,MWH20-499,X_VAT,2009-S1,2009,S1,0.1322
DE,MWH20-499,X_VAT,2009-S2,2009,S2,0.1323
DE,MWH20-499,X_VAT,2010-S1,2010,S1,0.1309
DE,MWH20-499,X_VAT,2010-S2,2010,S2,0.1388
DE,MWH20-499,X_VAT,2011-S1,2011,S1,0.1448
DE,MWH20-499,X_VAT,2011-S2,2011,S2,0.1451
DE,MWH20-499,X_VAT,2012-S1,2012,S1,0.1486
DE,MWH20-499,X_VAT,2012-S2,2012,S2,0.15
DE,MWH20-499,X_VAT,2013-S1,2013,S1,0.165
DE,MWH20-499,X_VAT,2013-S2,2013,S2,0.1682
DE,MWH20-499,X_VAT,2014-S1,2014,S1,0.187
DE,MWH20-499,X_VAT,2014-S2,2014,S2,0.1781
DE,MWH20-499,X_VAT,2015-S1,2015,S1,0.1759
DE,MWH20-499,X_VAT,2015-S2,2015,S2,0.1717
DE,MWH20-499,X_VAT,2016-S1,2016,S1,0.1745
DE,MWH20-499,X_VAT,2016-S2,2016,S2,0.1723
DE,MWH20-499,X_VAT,2017-S1,2017,S1,0.1783
DE,MWH20-499,X_VAT,2017-S2,2017,S2,0.1761
DE,MWH20-499,X_VAT,2018-S1,2018,S1,0.1721
DE,MWH20-499,X_VAT,2018-S2,2018,S2,0.1742
DE,MWH20-499,X_VAT,2019-S1,2019,S1,0.1777
DE,MWH20-499,X_VAT,2019-S2,2019,S2,0.1863
DE,MWH20-499,X_VAT,2020-S1,2020,S1,0.2012
DE,MWH20-499,X_VAT,2020-S2,2020,S2,0.2036
DE,MWH20-499,X_VAT,2021-S1,2021,S1,0.2043
DE,MWH20-499,X_VAT,2021-S2,2021,S2,0.2073
DE,MWH20-499,X_VAT,2022-S1,2022,S1,0.2316
DE,MWH20-499,X_VAT,2022-S2,2022,S2,0.2242
DE,MWH20-499,X_VAT,2023-S1,2023,S1,0.2476
DE,MWH20-499,X_VAT,2023-S2,2023,S2,0.248
DE,MWH20-499,X_VAT,2024-S1,2024,S1,0.2723
DE,MWH20-499,X_VAT,2024-S2,2024,S2,0.2714
DE,MWH20-499,X_VAT,2025-S1,2025,S1,0.2636
DE,MWH20-499,X_VAT,2025-S2,2025,S2,0.2618
DE,MWH2000-19999,I_TAX,2007-S1,2007,S1,0.1152
DE,MWH2000-19999,I_TAX,2007-S2,2007,S2,0.121
DE,MWH2000-19999,I_TAX,2008-S1,2008,S1,0.1286
DE,MWH2000-19999,I_TAX,2008-S2,2008,S2,0.1277
DE,MWH2000-19999,I_TAX,2009-S1,2009,S1,0.1341
DE,MWH2000-19999,I_TAX,2009-S2,2009,S2,0.1356
DE,MWH2000-19999,I_TAX,2010-S1,2010,S1,0.1346
DE,MWH2000-19999,I_TAX,2010-S2,2010,S2,0.1405
DE,MWH2000-19999,I_TAX,2011-S1,2011,S1,0.1517
DE,MWH2000-19999,I_TAX,2011-S2,2011,S2,0.1539
DE,MWH2000-19999,I_TAX,2012-S1,2012,S1,0.1546
DE,MWH2000-19999,I_TAX,2012-S2,2012,S2,0.1574
DE,MWH2000-19999,I_TAX,2013-S1,2013,S1,0.1704
DE,MWH2000-19999,I_TAX,2013-S2,2013,S2,0.1689
DE,MWH2000-19999,I_TAX,2014-S1,2014,S1,0.1821
DE,MWH2000-19999,I_TAX,2014-S2,2014,S2,0.1761
DE,MWH2000-19999,I_TAX,2015-S1,2015,S1,0.1749
DE,MWH2000-19999,I_TAX,2015-S2,2015,S2,0.173
DE,MWH2000-19999,I_TAX,2016-S1,2016,S1,0.1712
DE,MWH2000-19999,I_TAX,2016-S2,2016,S2,0.1685
DE,MWH2000-19999,I_TAX,2017-S1,2017,S1,0.1692
DE,MWH2000-19999,I_TAX,2017-S2,2017,S2,0.1694
DE,MWH2000-19999,I_TAX,2018-S1,2018,S1,0.1635
DE,MWH2000-19999,I_TAX,2018-S2,2018,S2,0.1663
DE,MWH2000-19999,I_TAX,2019-S1,2019,S1,0.1742
DE,MWH2000-19999,I_TAX,2019-S2,2019,S2,0.1781
DE,MWH2000-19999,I_TAX,2020-S1,2020,S1,0.1918
DE,MWH2000-19999,I_TAX,2020-S2,2020,S2,0.1904
DE,MWH2000-19999,I_TAX,2021-S1,2021,S1,0.1908
DE,MWH2000-19999,I_TAX,2021-S2,2021,S2,0.2077
DE,MWH2000-19999,I_TAX,2022-S1,2022,S1,0.2415
DE,MWH2000-19999,I_TAX,2022-S2,2022,S2,0.2439
DE,MWH2000-19999,I_TAX,2023-S1,2023,S1,0.2564
DE,MWH2000-19999,I_TAX,2023-S2,2023,S2,0.2518
DE,MWH2000-19999,I_TAX,2024-S1,2024,S1,0.2482
DE,MWH2000-19999,I_TAX,2024-S2,2024,S2,0.2552
DE,MWH2000-19999,I_TAX,2025-S1,2025,S1,0.2378
DE,MWH2000-19999,I_TAX,2025-S2,2025,S2,0.2369
DE,MWH2000-19999,X_TAX,2007-S1,2007,S1,0.0741
DE,MWH2000-19999,X_TAX,2007-S2,2007,S2,0.0776
DE,MWH2000-19999,X_TAX,2008-S1,2008,S1,0.0839
DE,MWH2000-19999,X_TAX,2008-S2,2008,S2,0.0831
DE,MWH2000-19999,X_TAX,2009-S1,2009,S1,0.0843
DE,MWH2000-19999,X_TAX,2009-S2,2009,S2,0.0833
DE,MWH2000-19999,X_TAX,2010-S1,2010,S1,0.08
DE,MWH2000-19999,X_TAX,2010-S2,2010,S2,0.079
DE,MWH2000-19999,X_TAX,2011-S1,2011,S1,0.0791
DE,MWH2000-19999,X_TAX,2011-S2,2011,S2,0.0804
DE,MWH2000-19999,X_TAX,2012-S1,2012,S1,0.0786
DE,MWH2000-19999,X_TAX,2012-S2,2012,S2,0.077
DE,MWH2000-19999,X_TAX,2013-S1,2013,S1,0.0756
DE,MWH2000-19999,X_TAX,2013-S2,2013,S2,0.0794
DE,MWH2000-19999,X_TAX,2014-S1,2014,S1,0.072
DE,MWH2000-19999,X_TAX,2014-S2,2014,S2,0.0714
DE,MWH2000-19999,X_TAX,2015-S1,2015,S1,0.0686
DE,MWH2000-19999,X_TAX,2015-S2,2015,S2,0.0705
DE,MWH2000-19999,X_TAX,2016-S1,2016,S1,0.0671
DE,MWH2000-19999,X_TAX,2016-S2,2016,S2,0.0677
DE,MWH2000-19999,X_TAX,2017-S1,2017,S1,0.0628
DE,MWH2000-19999,X_TAX,2017-S2,2017,S2,0.0645
DE,MWH2000-19999,X_TAX,2018-S1,2018,S1,0.0621
DE,MWH2000-19999,X_TAX,2018-S2,2018,S2,0.065
DE,MWH2000-19999,X_TAX,2019-S1,2019,S1,0.0717
DE,MWH2000-19999,X_TAX,2019-S2,2019,S2,0.0623
DE,MWH2000-19999,X_TAX,2020-S1,2020,S1,0.0706
DE,MWH2000-19999,X_TAX,2020-S2,2020,S2,0.0731
DE,MWH2000-19999,X_TAX,2021-S1,2021,S1,0.0734
DE,MWH2000-19999,X_TAX,2021-S2,2021,S2,0.0897
DE,MWH2000-19999,X_TAX,2022-S1,2022,S1,0.144
DE,MWH2000-19999,X_TAX,2022-S2,2022,S2,0.173
DE,MWH2000-19999,X_TAX,2023-S1,2023,S1,0.1814
DE,MWH2000-19999,X_TAX,2023-S2,2023,S2,0.1781
DE,MWH2000-19999,X_TAX,2024-S1,2024,S1,0.1748
DE,MWH2000-19999,X_TAX,2024-S2,2024,S2,0.181
DE,MWH2000-19999,X_TAX,2025-S1,2025,S1,0.1598
DE,MWH2000-19999,X_TAX,2025-S2,2025,S2,0.1613
DE,MWH2000-19999,X_VAT,2007-S1,2007,S1,0.0838
DE,MWH2000-19999,X_VAT,2007-S2,2007,S2,0.0902
DE,MWH2000-19999,X_VAT,2008-S1,2008,S1,0.0959
DE,MWH2000-19999,X_VAT,2008-S2,2008,S2,0.0957
DE,MWH2000-19999,X_VAT,2009-S1,2009,S1,0.1002
DE,MWH2000-19999,X_VAT,2009-S2,2009,S2,0.1007
DE,MWH2000-19999,X_VAT,2010-S1,2010,S1,0.0993
DE,MWH2000-19999,X_VAT,2010-S2,2010,S2,0.1058
DE,MWH2000-19999,X_VAT,2011-S1,2011,S1,0.1121
DE,MWH2000-19999,X_VAT,2011-S2,2011,S2,0.1139
DE,MWH2000-19999,X_VAT,2012-S1,2012,S1,0.1145
DE,MWH2000-19999,X_VAT,2012-S2,2012,S2,0.1169
DE,MWH2000-19999,X_VAT,2013-S1,2013,S1,0.1278
DE,MWH2000-19999,X_VAT,2013-S2,2013,S2,0.1273
DE,MWH2000-19999,X_VAT,2014-S1,2014,S1,0.1376
DE,MWH2000-19999,X_VAT,2014-S2,2014,S2,0.1326
DE,MWH2000-19999,X_VAT,2015-S1,2015,S1,0.1316
DE,MWH2000-19999,X_VAT,2015-S2,2015,S2,0.13
DE,MWH2000-19999,X_VAT,2016-S1,2016,S1,0.1285
DE,MWH2000-19999,X_VAT,2016-S2,2016,S2,0.1262
DE,MWH2000-19999,X_VAT,2017-S1,2017,S1,0.1268
DE,MWH2000-19999,X_VAT,2017-S2,2017,S2,0.127
DE,MWH2000-19999,X_VAT,2018-S1,2018,S1,0.122
DE,MWH2000-19999,X_VAT,2018-S2,2018,S2,0.1244
DE,MWH2000-19999,X_VAT,2019-S1,2019,S1,0.131
DE,MWH2000-19999,X_VAT,2019-S2,2019,S2,0.1361
DE,MWH2000-19999,X_VAT,2020-S1,2020,S1,0.1509
DE,MWH2000-19999,X_VAT,2020-S2,2020,S2,0.1534
DE,MWH2000-19999,X_VAT,2021-S1,2021,S1,0.1501
DE,MWH2000-19999,X_VAT,2021-S2,2021,S2,0.1642
DE,MWH2000-19999,X_VAT,2022-S1,2022,S1,0.1928
DE,MWH2000-19999,X_VAT,2022-S2,2022,S2,0.1949
DE,MWH2000-19999,X_VAT,2023-S1,2023,S1,0.2055
DE,MWH2000-19999,X_VAT,2023-S2,2023,S2,0.2017
DE,MWH2000-19999,X_VAT,2024-S1,2024,S1,0.2017
DE,MWH2000-19999,X_VAT,2024-S2,2024,S2,0.2076
DE,MWH2000-19999,X_VAT,2025-S1,2025,S1,0.1932
DE,MWH2000-19999,X_VAT,2025-S2,2025,S2,0.1922
DE,MWH20000-69999,I_TAX,2007-S1,2007,S1,0.1032
DE,MWH20000-69999,I_TAX,2007-S2,2007,S2,0.1084
DE,MWH20000-69999,I_TAX,2008-S1,2008,S1,0.1217
DE,MWH20000-69999,I_TAX,2008-S2,2008,S2,0.117
DE,MWH20000-69999,I_TAX,2009-S1,2009,S1,0.1249
DE,MWH20000-69999,I_TAX,2009-S2,2009,S2,0.1217
DE,MWH20000-69999,I_TAX,2010-S1,2010,S1,0.1205
DE,MWH20000-69999,I_TAX,2010-S2,2010,S2,0.1285
DE,MWH20000-69999,I_TAX,2011-S1,2011,S1,0.1376
DE,MWH20000-69999,I_TAX,2011-S2,2011,S2,0.1482
DE,MWH20000-69999,I_TAX,2012-S1,2012,S1,0.1421
DE,MWH20000-69999,I_TAX,2012-S2,2012,S2,0.1432
DE,MWH20000-69999,I_TAX,2013-S1,2013,S1,0.152
DE,MWH20000-69999,I_TAX,2013-S2,2013,S2,0.1514
DE,MWH20000-69999,I_TAX,2014-S1,2014,S1,0.1561
DE,MWH20000-69999,I_TAX,2014-S2,2014,S2,0.1512
DE,MWH20000-69999,I_TAX,2015-S1,2015,S1,0.1505
DE,MWH20000-69999,I_TAX,2015-S2,2015,S2,0.152
DE,MWH20000-69999,I_TAX,2016-S1,2016,S1,0.1398
DE,MWH20000-69999,I_TAX,2016-S2,2016,S2,0.1331
DE,MWH20000-69999,I_TAX,2017-S1,2017,S1,0.134
DE,MWH20000-69999,I_TAX,2017-S2,2017,S2,0.1238
DE,MWH20000-69999,I_TAX,2018-S1,2018,S1,0.1206
DE,MWH20000-69999,I_TAX,2018-S2,2018,S2,0.1229
DE,MWH20000-69999,I_TAX,2019-S1,2019,S1,0.1259
DE,MWH20000-69999,I_TAX,2019-S2,2019,S2,0.1479
DE,MWH20000-69999,I_TAX,2020-S1,2020,S1,0.1591
DE,MWH20000-69999,I_TAX,2020-S2,2020,S2,0.1628
DE,MWH20000-69999,I_TAX,2021-S1,2021,S1,0.1661
DE,MWH20000-69999,I_TAX,2021-S2,2021,S2,0.1759
DE,MWH20000-69999,I_TAX,2022-S1,2022,S1,0.2256
DE,MWH20000-69999,I_TAX,2022-S2,2022,S2,0.246
DE,MWH20000-69999,I_TAX,2023-S1,2023,S1,0.2418
DE,MWH20000-69999,I_TAX,2023-S2,2023,S2,0.2263
DE,MWH20000-69999,I_TAX,2024-S1,2024,S1,0.2125
DE,MWH20000-69999,I_TAX,2024-S2,2024,S2,0.2156
DE,MWH20000-69999,I_TAX,2025-S1,2025,S1,0.2002
DE,MWH20000-69999,I_TAX,2025-S2,2025,S2,0.2014
DE,MWH20000-69999,X_TAX,2007-S1,2007,S1,0.0667
DE,MWH20000-69999,X_TAX,2007-S2,2007,S2,0.0724
DE,MWH20000-69999,X_TAX,2008-S1,2008,S1,0.0791
DE,MWH20000-69999,X_TAX,2008-S2,2008,S2,0.0798
DE,MWH20000-69999,X_TAX,2009-S1,2009,S1,0.0788
DE,MWH20000-69999,X_TAX,2009-S2,2009,S2,0.0754
DE,MWH20000-69999,X_TAX,2010-S1,2010,S1,0.07
DE,MWH20000-69999,X_TAX,2010-S2,2010,S2,0.0714
DE,MWH20000-69999,X_TAX,2011-S1,2011,S1,0.0707
DE,MWH20000-69999,X_TAX,2011-S2,2011,S2,0.0716
DE,MWH20000-69999,X_TAX,2012-S1,2012,S1,0.072
DE,MWH20000-69999,X_TAX,2012-S2,2012,S2,0.0711
DE,MWH20000-69999,X_TAX,2013-S1,2013,S1,0.0702
DE,MWH20000-69999,X_TAX,2013-S2,2013,S2,0.0695
DE,MWH20000-69999,X_TAX,2014-S1,2014,S1,0.0637
DE,MWH20000-69999,X_TAX,2014-S2,2014,S2,0.0627
DE,MWH20000-69999,X_TAX,2015-S1,2015,S1,0.0595
DE,MWH20000-69999,X_TAX,2015-S2,2015,S2,0.0639
DE,MWH20000-69999,X_TAX,2016-S1,2016,S1,0.0546
DE,MWH20000-69999,X_TAX,2016-S2,2016,S2,0.0528
DE,MWH20000-69999,X_TAX,2017-S1,2017,S1,0.0493
DE,MWH20000-69999,X_TAX,2017-S2,2017,S2,0.0459
DE,MWH20000-69999,X_TAX,2018-S1,2018,S1,0.0501
DE,MWH20000-69999,X_TAX,2018-S2,2018,S2,0.0516
DE,MWH20000-69999,X_TAX,2019-S1,2019,S1,0.0582
DE,MWH20000-69999,X_TAX,2019-S2,2019,S2,0.0513
DE,MWH20000-69999,X_TAX,2020-S1,2020,S1,0.0531
DE,MWH20000-69999,X_TAX,2020-S2,2020,S2,0.0602
DE,MWH20000-69999,X_TAX,2021-S1,2021,S1,0.0644
DE,MWH20000-69999,X_TAX,2021-S2,2021,S2,0.0786
DE,MWH20000-69999,X_TAX,2022-S1,2022,S1,0.1391
DE,MWH20000-69999,X_TAX,2022-S2,2022,S2,0.1744
DE,MWH20000-69999,X_TAX,2023-S1,2023,S1,0.1702
DE,MWH20000-69999,X_TAX,2023-S2,2023,S2,0.1573
DE,MWH20000-69999,X_TAX,2024-S1,2024,S1,0.1482
DE,MWH20000-69999,X_TAX,2024-S2,2024,S2,0.1509
DE,MWH20000-69999,X_TAX,2025-S1,2025,S1,0.1346
DE,MWH20000-69999,X_TAX,2025-S2,2025,S2,0.1363
DE,MWH20000-69999,X_VAT,2007-S1,2007,S1,0.0752
DE,MWH20000-69999,X_VAT,2007-S2,2007,S2,0.0832
DE,MWH20000-69999,X_VAT,2008-S1,2008,S1,0.09
DE,MWH20000-69999,X_VAT,2008-S2,2008,S2,0.0899
DE,MWH20000-69999,X_VAT,2009-S1,2009,S1,0.0942
DE,MWH20000-69999,X_VAT,2009-S2,2009,S2,0.0901
DE,MWH20000-69999,X_VAT,2010-S1,2010,S1,0.0878
DE,MWH20000-69999,X_VAT,2010-S2,2010,S2,0.0957
DE,MWH20000-69999,X_VAT,2011-S1,2011,S1,0.1002
DE,MWH20000-69999,X_VAT,2011-S2,2011,S2,0.1091
DE,MWH20000-69999,X_VAT,2012-S1,2012,S1,0.104
DE,MWH20000-69999,X_VAT,2012-S2,2012,S2,0.1049
DE,MWH20000-69999,X_VAT,2013-S1,2013,S1,0.1123
DE,MWH20000-69999,X_VAT,2013-S2,2013,S2,0.1118
DE,MWH20000-69999,X_VAT,2014-S1,2014,S1,0.1158
DE,MWH20000-69999,X_VAT,2014-S2,2014,S2,0.1117
DE,MWH20000-69999,X_VAT,2015-S1,2015,S1,0.1111
DE,MWH20000-69999,X_VAT,2015-S2,2015,S2,0.1124
DE,MWH20000-69999,X_VAT,2016-S1,2016,S1,0.1021
DE,MWH20000-69999,X_VAT,2016-S2,2016,S2,0.0965
DE,MWH20000-69999,X_VAT,2017-S1,2017,S1,0.0972
DE,MWH20000-69999,X_VAT,2017-S2,2017,S2,0.0887
DE,MWH20000-69999,X_VAT,2018-S1,2018,S1,0.086
DE,MWH20000-69999,X_VAT,2018-S2,2018,S2,0.0879
DE,MWH20000-69999,X_VAT,2019-S1,2019,S1,0.0904
DE,MWH20000-69999,X_VAT,2019-S2,2019,S2,0.1093
DE,MWH20000-69999,X_VAT,2020-S1,2020,S1,0.1206
DE,MWH20000-69999,X_VAT,2020-S2,2020,S2,0.1271
DE,MWH20000-69999,X_VAT,2021-S1,2021,S1,0.1267
DE,MWH20000-69999,X_VAT,2021-S2,2021,S2,0.1349
DE,MWH20000-69999,X_VAT,2022-S1,2022,S1,0.1768
DE,MWH20000-69999,X_VAT,2022-S2,2022,S2,0.1939
DE,MWH20000-69999,X_VAT,2023-S1,2023,S1,0.1905
DE,MWH20000-69999,X_VAT,2023-S2,2023,S2,0.1776
DE,MWH20000-69999,X_VAT,2024-S1,2024,S1,0.1685
DE,MWH20000-69999,X_VAT,2024-S2,2024,S2,0.1712
DE,MWH20000-69999,X_VAT,2025-S1,2025,S1,0.1584
DE,MWH20000-69999,X_VAT,2025-S2,2025,S2,0.1595
DE,MWH500-1999,I_TAX,2007-S1,2007,S1,0.131
DE,MWH500-1999,I_TAX,2007-S2,2007,S2,0.1353
DE,MWH500-1999,I_TAX,2008-S1,2008,S1,0.141
DE,MWH500-1999,I_TAX,2008-S2,2008,S2,0.1428
DE,MWH500-1999,I_TAX,2009-S1,2009,S1,0.1505
DE,MWH500-1999,I_TAX,2009-S2,2009,S2,0.1515
DE,MWH500-1999,I_TAX,2010-S1,2010,S1,0.1507
DE,MWH500-1999,I_TAX,2010-S2,2010,S2,0.1562
DE,MWH500-1999,I_TAX,2011-S1,2011,S1,0.1668
DE,MWH500-1999,I_TAX,2011-S2,2011,S2,0.1662
DE,MWH500-1999,I_TAX,2012-S1,2012,S1,0.1703
DE,MWH500-1999,I_TAX,2012-S2,2012,S2,0.1727
DE,MWH500-1999,I_TAX,2013-S1,2013,S1,0.1879
DE,MWH500-1999,I_TAX,2013-S2,2013,S2,0.1902
DE,MWH500-1999,I_TAX,2014-S1,2014,S1,0.2071
DE,MWH500-1999,I_TAX,2014-S2,2014,S2,0.1992
DE,MWH500-1999,I_TAX,2015-S1,2015,S1,0.1979
DE,MWH500-1999,I_TAX,2015-S2,2015,S2,0.196
DE,MWH500-1999,I_TAX,2016-S1,2016,S1,0.1974
DE,MWH500-1999,I_TAX,2016-S2,2016,S2,0.1958
DE,MWH500-1999,I_TAX,2017-S1,2017,S1,0.1991
DE,MWH500-1999,I_TAX,2017-S2,2017,S2,0.1985
DE,MWH500-1999,I_TAX,2018-S1,2018,S1,0.1967
DE,MWH500-1999,I_TAX,2018-S2,2018,S2,0.1987
DE,MWH500-1999,I_TAX,2019-S1,2019,S1,0.2036
DE,MWH500-1999,I_TAX,2019-S2,2019,S2,0.1989
DE,MWH500-1999,I_TAX,2020-S1,2020,S1,0.218
DE,MWH500-1999,I_TAX,2020-S2,2020,S2,0.2181
DE,MWH500-1999,I_TAX,2021-S1,2021,S1,0.2239
DE,MWH500-1999,I_TAX,2021-S2,2021,S2,0.2298
DE,MWH500-1999,I_TAX,2022-S1,2022,S1,0.2616
DE,MWH500-1999,I_TAX,2022-S2,2022,S2,0.2524
DE,MWH500-1999,I_TAX,2023-S1,2023,S1,0.2691
DE,MWH500-1999,I_TAX,2023-S2,2023,S2,0.2671
DE,MWH500-1999,I_TAX,2024-S1,2024,S1,0.2798
DE,MWH500-1999,I_TAX,2024-S2,2024,S2,0.2834
DE,MWH500-1999,I_TAX,2025-S1,2025,S1,0.2745
DE,MWH500-1999,I_TAX,2025-S2,2025,S2,0.2722
DE,MWH500-1999,X_TAX,2007-S1,2007,S1,0.0857
DE,MWH500-1999,X_TAX,2007-S2,2007,S2,0.0894
DE,MWH500-1999,X_TAX,2008-S1,2008,S1,0.0929
DE,MWH500-1999,X_TAX,2008-S2,2008,S2,0.0951
DE,MWH500-1999,X_TAX,2009-S1,2009,S1,0.0975
DE,MWH500-1999,X_TAX,2009-S2,2009,S2,0.0958
DE,MWH500-1999,X_TAX,2010-S1,2010,S1,0.0921
DE,MWH500-1999,X_TAX,2010-S2,2010,S2,0.0914
DE,MWH500-1999,X_TAX,2011-S1,2011,S1,0.09
DE,MWH500-1999,X_TAX,2011-S2,2011,S2,0.0899
DE,MWH500-1999,X_TAX,2012-S1,2012,S1,0.0895
DE,MWH500-1999,X_TAX,2012-S2,2012,S2,0.0878
DE,MWH500-1999,X_TAX,2013-S1,2013,S1,0.086
DE,MWH500-1999,X_TAX,2013-S2,2013,S2,0.0905
DE,MWH500-1999,X_TAX,2014-S1,2014,S1,0.0844
DE,MWH500-1999,X_TAX,2014-S2,2014,S2,0.0808
DE,MWH500-1999,X_TAX,2015-S1,2015,S1,0.0809
DE,MWH500-1999,X_TAX,2015-S2,2015,S2,0.0813
DE,MWH500-1999,X_TAX,2016-S1,2016,S1,0.0788
DE,MWH500-1999,X_TAX,2016-S2,2016,S2,0.0793
DE,MWH500-1999,X_TAX,2017-S1,2017,S1,0.0761
DE,MWH500-1999,X_TAX,2017-S2,2017,S2,0.0786
DE,MWH500-1999,X_TAX,2018-S1,2018,S1,0.0771
DE,MWH500-1999,X_TAX,2018-S2,2018,S2,0.078
DE,MWH500-1999,X_TAX,2019-S1,2019,S1,0.0855
DE,MWH500-1999,X_TAX,2019-S2,2019,S2,0.0718
DE,MWH500-1999,X_TAX,2020-S1,2020,S1,0.0849
DE,MWH500-1999,X_TAX,2020-S2,2020,S2,0.0885
DE,MWH500-1999,X_TAX,2021-S1,2021,S1,0.0908
DE,MWH500-1999,X_TAX,2021-S2,2021,S2,0.0967
DE,MWH500-1999,X_TAX,2022-S1,2022,S1,0.1512
DE,MWH500-1999,X_TAX,2022-S2,2022,S2,0.1782
DE,MWH500-1999,X_TAX,2023-S1,2023,S1,0.1904
DE,MWH500-1999,X_TAX,2023-S2,2023,S2,0.189
DE,MWH500-1999,X_TAX,2024-S1,2024,S1,0.1976
DE,MWH500-1999,X_TAX,2024-S2,2024,S2,0.201
DE,MWH500-1999,X_TAX,2025-S1,2025,S1,0.1828
DE,MWH500-1999,X_TAX,2025-S2,2025,S2,0.1828
DE,MWH500-1999,X_VAT,2007-S1,2007,S1,0.0957
DE,MWH500-1999,X_VAT,2007-S2,2007,S2,0.1013
DE,MWH500-1999,X_VAT,2008-S1,2008,S1,0.1053
DE,MWH500-1999,X_VAT,2008-S2,2008,S2,0.1078
DE,MWH500-1999,X_VAT,2009-S1,2009,S1,0.1132
DE,MWH500-1999,X_VAT,2009-S2,2009,S2,0.1134
DE,MWH500-1999,X_VAT,2010-S1,2010,S1,0.112
DE,MWH500-1999,X_VAT,2010-S2,2010,S2,0.119
DE,MWH500-1999,X_VAT,2011-S1,2011,S1,0.1248
DE,MWH500-1999,X_VAT,2011-S2,2011,S2,0.1243
DE,MWH500-1999,X_VAT,2012-S1,2012,S1,0.1277
DE,MWH500-1999,X_VAT,2012-S2,2012,S2,0.1297
DE,MWH500-1999,X_VAT,2013-S1,2013,S1,0.1425
DE,MWH500-1999,X_VAT,2013-S2,2013,S2,0.1444
DE,MWH500-1999,X_VAT,2014-S1,2014,S1,0.1586
DE,MWH500-1999,X_VAT,2014-S2,2014,S2,0.152
DE,MWH500-1999,X_VAT,2015-S1,2015,S1,0.1509
DE,MWH500-1999,X_VAT,2015-S2,2015,S2,0.1493
DE,MWH500-1999,X_VAT,2016-S1,2016,S1,0.1505
DE,MWH500-1999,X_VAT,2016-S2,2016,S2,0.1492
DE,MWH500-1999,X_VAT,2017-S1,2017,S1,0.1519
DE,MWH500-1999,X_VAT,2017-S2,2017,S2,0.1514
DE,MWH500-1999,X_VAT,2018-S1,2018,S1,0.1499
DE,MWH500-1999,X_VAT,2018-S2,2018,S2,0.1516
DE,MWH500-1999,X_VAT,2019-S1,2019,S1,0.1557
DE,MWH500-1999,X_VAT,2019-S2,2019,S2,0.1608
DE,MWH500-1999,X_VAT,2020-S1,2020,S1,0.1781
DE,MWH500-1999,X_VAT,2020-S2,2020,S2,0.1818
DE,MWH500-1999,X_VAT,2021-S1,2021,S1,0.1813
DE,MWH500-1999,X_VAT,2021-S2,2021,S2,0.186
DE,MWH500-1999,X_VAT,2022-S1,2022,S1,0.2132
DE,MWH500-1999,X_VAT,2022-S2,2022,S2,0.2056
DE,MWH500-1999,X_VAT,2023-S1,2023,S1,0.2192
DE,MWH500-1999,X_VAT,2023-S2,2023,S2,0.2175
DE,MWH500-1999,X_VAT,2024-S1,2024,S1,0.2328
DE,MWH500-1999,X_VAT,2024-S2,2024,S2,0.2359
DE,MWH500-1999,X_VAT,2025-S1,2025,S1,0.2281
DE,MWH500-1999,X_VAT,2025-S2,2025,S2,0.2264
DE,MWH70000-149999,I_TAX,2007-S1,2007,S1,0.1045
DE,MWH70000-149999,I_TAX,2007-S2,2007,S2,0.1113
DE,MWH70000-149999,I_TAX,2008-S1,2008,S1,0.1155
DE,MWH70000-149999,I_TAX,2008-S2,2008,S2,0.1161
DE,MWH70000-149999,I_TAX,2009-S1,2009,S1,0.1185
DE,MWH70000-149999,I_TAX,2009-S2,2009,S2,0.1202
DE,MWH70000-149999,I_TAX,2010-S1,2010,S1,0.1129
DE,MWH70000-149999,I_TAX,2010-S2,2010,S2,0.122
DE,MWH70000-149999,I_TAX,2011-S1,2011,S1,0.1369
DE,MWH70000-149999,I_TAX,2011-S2,2011,S2,0.1373
DE,MWH70000-149999,I_TAX,2012-S1,2012,S1,0.1291
DE,MWH70000-149999,I_TAX,2012-S2,2012,S2,0.1248
DE,MWH70000-149999,I_TAX,2013-S1,2013,S1,0.1449
DE,MWH70000-149999,I_TAX,2013-S2,2013,S2,0.1339
DE,MWH70000-149999,I_TAX,2014-S1,2014,S1,0.1448
DE,MWH70000-149999,I_TAX,2014-S2,2014,S2,0.1412
DE,MWH70000-149999,I_TAX,2015-S1,2015,S1,0.1388
DE,MWH70000-149999,I_TAX,2015-S2,2015,S2,0.13
DE,MWH70000-149999,I_TAX,2016-S1,2016,S1,0.113
DE,MWH70000-149999,I_TAX,2016-S2,2016,S2,0.1227
DE,MWH70000-149999,I_TAX,2017-S1,2017,S1,0.1447
DE,MWH70000-149999,I_TAX,2017-S2,2017,S2,0.129
DE,MWH70000-149999,I_TAX,2018-S1,2018,S1,0.1235
DE,MWH70000-149999,I_TAX,2018-S2,2018,S2,0.1263
DE,MWH70000-149999,I_TAX,2019-S1,2019,S1,0.1291
DE,MWH70000-149999,I_TAX,2019-S2,2019,S2,0.1278
DE,MWH70000-149999,I_TAX,2020-S1,2020,S1,0.1375
DE,MWH70000-149999,I_TAX,2020-S2,2020,S2,0.1475
DE,MWH70000-149999,I_TAX,2021-S1,2021,S1,0.154
DE,MWH70000-149999,I_TAX,2021-S2,2021,S2,0.1776
DE,MWH70000-149999,I_TAX,2022-S1,2022,S1,0.2117
DE,MWH70000-149999,I_TAX,2022-S2,2022,S2,0.2416
DE,MWH70000-149999,I_TAX,2023-S1,2023,S1,0.2173
DE,MWH70000-149999,I_TAX,2023-S2,2023,S2,0.2214
DE,MWH70000-149999,I_TAX,2024-S1,2024,S1,0.1831
DE,MWH70000-149999,I_TAX,2024-S2,2024,S2,0.1874
DE,MWH70000-149999,I_TAX,2025-S1,2025,S1,0.1878
DE,MWH70000-149999,I_TAX,2025-S2,2025,S2,0.1869
DE,MWH70000-149999,X_TAX,2007-S1,2007,S1,0.068
DE,MWH70000-149999,X_TAX,2007-S2,2007,S2,0.0722
DE,MWH70000-149999,X_TAX,2008-S1,2008,S1,0.0776
DE,MWH70000-149999,X_TAX,2008-S2,2008,S2,0.0755
DE,MWH70000-149999,X_TAX,2009-S1,2009,S1,0.0779
DE,MWH70000-149999,X_TAX,2009-S2,2009,S2,0.0739
DE,MWH70000-149999,X_TAX,2010-S1,2010,S1,0.0661
DE,MWH70000-149999,X_TAX,2010-S2,2010,S2,0.0711
DE,MWH70000-149999,X_TAX,2011-S1,2011,S1,0.0716
DE,MWH70000-149999,X_TAX,2011-S2,2011,S2,0.0732
DE,MWH70000-149999,X_TAX,2012-S1,2012,S1,0.0653
DE,MWH70000-149999,X_TAX,2012-S2,2012,S2,0.0642
DE,MWH70000-149999,X_TAX,2013-S1,2013,S1,0.0636
DE,MWH70000-149999,X_TAX,2013-S2,2013,S2,0.0621
DE,MWH70000-149999,X_TAX,2014-S1,2014,S1,0.0586
DE,MWH70000-149999,X_TAX,2014-S2,2014,S2,0.0608
DE,MWH70000-149999,X_TAX,2015-S1,2015,S1,0.0568
DE,MWH70000-149999,X_TAX,2015-S2,2015,S2,0.0541
DE,MWH70000-149999,X_TAX,2016-S1,2016,S1,0.0449
DE,MWH70000-149999,X_TAX,2016-S2,2016,S2,0.0409
DE,MWH70000-149999,X_TAX,2017-S1,2017,S1,0.0455
DE,MWH70000-149999,X_TAX,2017-S2,2017,S2,0.0434
DE,MWH70000-149999,X_TAX,2018-S1,2018,S1,0.0457
DE,MWH70000-149999,X_TAX,2018-S2,2018,S2,0.0479
DE,MWH70000-149999,X_TAX,2019-S1,2019,S1,0.0545
DE,MWH70000-149999,X_TAX,2019-S2,2019,S2,0.0448
DE,MWH70000-149999,X_TAX,2020-S1,2020,S1,0.0434
DE,MWH70000-149999,X_TAX,2020-S2,2020,S2,0.049
DE,MWH70000-149999,X_TAX,2021-S1,2021,S1,0.052
DE,MWH70000-149999,X_TAX,2021-S2,2021,S2,0.0732
DE,MWH70000-149999,X_TAX,2022-S1,2022,S1,0.1215
DE,MWH70000-149999,X_TAX,2022-S2,2022,S2,0.1728
DE,MWH70000-149999,X_TAX,2023-S1,2023,S1,0.1508
DE,MWH70000-149999,X_TAX,2023-S2,2023,S2,0.1535
DE,MWH70000-149999,X_TAX,2024-S1,2024,S1,0.1276
DE,MWH70000-149999,X_TAX,2024-S2,2024,S2,0.1313
DE,MWH70000-149999,X_TAX,2025-S1,2025,S1,0.1286
DE,MWH70000-149999,X_TAX,2025-S2,2025,S2,0.1283
DE,MWH70000-149999,X_VAT,2007-S1,2007,S1,0.0757
DE,MWH70000-149999,X_VAT,2007-S2,2007,S2,0.0824
DE,MWH70000-149999,X_VAT,2008-S1,2008,S1,0.0859
DE,MWH70000-149999,X_VAT,2008-S2,2008,S2,0.0853
DE,MWH70000-149999,X_VAT,2009-S1,2009,S1,0.0877
DE,MWH70000-149999,X_VAT,2009-S2,2009,S2,0.0861
DE,MWH70000-149999,X_VAT,2010-S1,2010,S1,0.0824
DE,MWH70000-149999,X_VAT,2010-S2,2010,S2,0.0902
DE,MWH70000-149999,X_VAT,2011-S1,2011,S1,0.1013
DE,MWH70000-149999,X_VAT,2011-S2,2011,S2,0.1
DE,MWH70000-149999,X_VAT,2012-S1,2012,S1,0.0931
DE,MWH70000-149999,X_VAT,2012-S2,2012,S2,0.0921
DE,MWH70000-149999,X_VAT,2013-S1,2013,S1,0.1064
DE,MWH70000-149999,X_VAT,2013-S2,2013,S2,0.0971
DE,MWH70000-149999,X_VAT,2014-S1,2014,S1,0.1063
DE,MWH70000-149999,X_VAT,2014-S2,2014,S2,0.1033
DE,MWH70000-149999,X_VAT,2015-S1,2015,S1,0.1012
DE,MWH70000-149999,X_VAT,2015-S2,2015,S2,0.0939
DE,MWH70000-149999,X_VAT,2016-S1,2016,S1,0.0796
DE,MWH70000-149999,X_VAT,2016-S2,2016,S2,0.0877
DE,MWH70000-149999,X_VAT,2017-S1,2017,S1,0.1062
DE,MWH70000-149999,X_VAT,2017-S2,2017,S2,0.093
DE,MWH70000-149999,X_VAT,2018-S1,2018,S1,0.0884
DE,MWH70000-149999,X_VAT,2018-S2,2018,S2,0.0908
DE,MWH70000-149999,X_VAT,2019-S1,2019,S1,0.0931
DE,MWH70000-149999,X_VAT,2019-S2,2019,S2,0.0925
DE,MWH70000-149999,X_VAT,2020-S1,2020,S1,0.1007
DE,MWH70000-149999,X_VAT,2020-S2,2020,S2,0.1122
DE,MWH70000-149999,X_VAT,2021-S1,2021,S1,0.1149
DE,MWH70000-149999,X_VAT,2021-S2,2021,S2,0.1347
DE,MWH70000-149999,X_VAT,2022-S1,2022,S1,0.1634
DE,MWH70000-149999,X_VAT,2022-S2,2022,S2,0.1886
DE,MWH70000-149999,X_VAT,2023-S1,2023,S1,0.1686
DE,MWH70000-149999,X_VAT,2023-S2,2023,S2,0.172
DE,MWH70000-149999,X_VAT,2024-S1,2024,S1,0.1394
DE,MWH70000-149999,X_VAT,2024-S2,2024,S2,0.143
DE,MWH70000-149999,X_VAT,2025-S1,2025,S1,0.1447
DE,MWH70000-149999,X_VAT,2025-S2,2025,S2,0.144
DE,MWH_GE150000,I_TAX,2019-S2,2019,S2,0.1114
DE,MWH_GE150000,I_TAX,2020-S1,2020,S1,0.0965
DE,MWH_GE150000,I_TAX,2020-S2,2020,S2,0.1044
DE,MWH_GE150000,I_TAX,2021-S1,2021,S1,0.1248
DE,MWH_GE150000,I_TAX,2021-S2,2021,S2,0.1758
DE,MWH_GE150000,I_TAX,2022-S1,2022,S1,0.2262
DE,MWH_GE150000,I_TAX,2022-S2,2022,S2,0.2662
DE,MWH_GE150000,I_TAX,2023-S1,2023,S1,0.2088
DE,MWH_GE150000,I_TAX,2023-S2,2023,S2,0.2014
DE,MWH_GE150000,I_TAX,2024-S1,2024,S1,0.164
DE,MWH_GE150000,I_TAX,2024-S2,2024,S2,0.1851
DE,MWH_GE150000,I_TAX,2025-S1,2025,S1,0.1752
DE,MWH_GE150000,I_TAX,2025-S2,2025,S2,0.1714
DE,MWH_GE150000,X_TAX,2019-S2,2019,S2,0.0348
DE,MWH_GE150000,X_TAX,2020-S1,2020,S1,0.0342
DE,MWH_GE150000,X_TAX,2020-S2,2020,S2,0.0389
DE,MWH_GE150000,X_TAX,2021-S1,2021,S1,0.0514
DE,MWH_GE150000,X_TAX,2021-S2,2021,S2,0.0981
DE,MWH_GE150000,X_TAX,2022-S1,2022,S1,0.1499
DE,MWH_GE150000,X_TAX,2022-S2,2022,S2,0.1937
DE,MWH_GE150000,X_TAX,2023-S1,2023,S1,0.144
DE,MWH_GE150000,X_TAX,2023-S2,2023,S2,0.1379
DE,MWH_GE150000,X_TAX,2024-S1,2024,S1,0.1145
DE,MWH_GE150000,X_TAX,2024-S2,2024,S2,0.1323
DE,MWH_GE150000,X_TAX,2025-S1,2025,S1,0.1205
DE,MWH_GE150000,X_TAX,2025-S2,2025,S2,0.119
DE,MWH_GE150000,X_VAT,2019-S2,2019,S2,0.0768
DE,MWH_GE150000,X_VAT,2020-S1,2020,S1,0.0643
DE,MWH_GE150000,X_VAT,2020-S2,2020,S2,0.0733
DE,MWH_GE150000,X_VAT,2021-S1,2021,S1,0.0882
DE,MWH_GE150000,X_VAT,2021-S2,2021,S2,0.1311
DE,MWH_GE150000,X_VAT,2022-S1,2022,S1,0.1734
DE,MWH_GE150000,X_VAT,2022-S2,2022,S2,0.207
DE,MWH_GE150000,X_VAT,2023-S1,2023,S1,0.1589
DE,MWH_GE150000,X_VAT,2023-S2,2023,S2,0.1527
DE,MWH_GE150000,X_VAT,2024-S1,2024,S1,0.1212
DE,MWH_GE150000,X_VAT,2024-S2,2024,S2,0.139
DE,MWH_GE150000,X_VAT,2025-S1,2025,S1,0.1338
DE,MWH_GE150000,X_VAT,2025-S2,2025,S2,0.1307
DE,MWH_LT20,I_TAX,2007-S1,2007,S1,0.22
DE,MWH_LT20,I_TAX,2007-S2,2007,S2,0.2152
DE,MWH_LT20,I_TAX,2008-S1,2008,S1,0.2295
DE,MWH_LT20,I_TAX,2008-S2,2008,S2,0.2294
DE,MWH_LT20,I_TAX,2009-S1,2009,S1,0.2311
DE,MWH_LT20,I_TAX,2009-S2,2009,S2,0.2383
DE,MWH_LT20,I_TAX,2010-S1,2010,S1,0.2481
DE,MWH_LT20,I_TAX,2010-S2,2010,S2,0.2506
DE,MWH_LT20,I_TAX,2011-S1,2011,S1,0.2649
DE,MWH_LT20,I_TAX,2011-S2,2011,S2,0.2711
DE,MWH_LT20,I_TAX,2012-S1,2012,S1,0.2754
DE,MWH_LT20,I_TAX,2012-S2,2012,S2,0.2789
DE,MWH_LT20,I_TAX,2013-S1,2013,S1,0.3057
DE,MWH_LT20,I_TAX,2013-S2,2013,S2,0.3006
DE,MWH_LT20,I_TAX,2014-S1,2014,S1,0.2873
DE,MWH_LT20,I_TAX,2014-S2,2014,S2,0.2909
DE,MWH_LT20,I_TAX,2015-S1,2015,S1,0.2799
DE,MWH_LT20,I_TAX,2015-S2,2015,S2,0.2779
DE,MWH_LT20,I_TAX,2016-S1,2016,S1,0.2804
DE,MWH_LT20,I_TAX,2016-S2,2016,S2,0.2751
DE,MWH_LT20,I_TAX,2017-S1,2017,S1,0.2816
DE,MWH_LT20,I_TAX,2017-S2,2017,S2,0.28
DE,MWH_LT20,I_TAX,2018-S1,2018,S1,0.2876
DE,MWH_LT20,I_TAX,2018-S2,2018,S2,0.2841
DE,MWH_LT20,I_TAX,2019-S1,2019,S1,0.286
DE,MWH_LT20,I_TAX,2019-S2,2019,S2,0.2724
DE,MWH_LT20,I_TAX,2020-S1,2020,S1,0.2916
DE,MWH_LT20,I_TAX,2020-S2,2020,S2,0.2884
DE,MWH_LT20,I_TAX,2021-S1,2021,S1,0.2966
DE,MWH_LT20,I_TAX,2021-S2,2021,S2,0.3028
DE,MWH_LT20,I_TAX,2022-S1,2022,S1,0.3142
DE,MWH_LT20,I_TAX,2022-S2,2022,S2,0.3215
DE,MWH_LT20,I_TAX,2023-S1,2023,S1,0.3864
DE,MWH_LT20,I_TAX,2023-S2,2023,S2,0.3903
DE,MWH_LT20,I_TAX,2024-S1,2024,S1,0.3919
DE,MWH_LT20,I_TAX,2024-S2,2024,S2,0.3958
DE,MWH_LT20,I_TAX,2025-S1,2025,S1,0.3906
DE,MWH_LT20,I_TAX,2025-S2,2025,S2,0.3877
DE,MWH_LT20,X_TAX,2007-S1,2007,S1,0.1489
DE,MWH_LT20,X_TAX,2007-S2,2007,S2,0.1479
DE,MWH_LT20,X_TAX,2008-S1,2008,S1,0.1525
DE,MWH_LT20,X_TAX,2008-S2,2008,S2,0.1585
DE,MWH_LT20,X_TAX,2009-S1,2009,S1,0.1626
DE,MWH_LT20,X_TAX,2009-S2,2009,S2,0.1636
DE,MWH_LT20,X_TAX,2010-S1,2010,S1,0.1604
DE,MWH_LT20,X_TAX,2010-S2,2010,S2,0.1603
DE,MWH_LT20,X_TAX,2011-S1,2011,S1,0.1616
DE,MWH_LT20,X_TAX,2011-S2,2011,S2,0.1698
DE,MWH_LT20,X_TAX,2012-S1,2012,S1,0.166
DE,MWH_LT20,X_TAX,2012-S2,2012,S2,0.1655
DE,MWH_LT20,X_TAX,2013-S1,2013,S1,0.1625
DE,MWH_LT20,X_TAX,2013-S2,2013,S2,0.1513
DE,MWH_LT20,X_TAX,2014-S1,2014,S1,0.1423
DE,MWH_LT20,X_TAX,2014-S2,2014,S2,0.1403
DE,MWH_LT20,X_TAX,2015-S1,2015,S1,0.1349
DE,MWH_LT20,X_TAX,2015-S2,2015,S2,0.1334
DE,MWH_LT20,X_TAX,2016-S1,2016,S1,0.1287
DE,MWH_LT20,X_TAX,2016-S2,2016,S2,0.1252
DE,MWH_LT20,X_TAX,2017-S1,2017,S1,0.1203
DE,MWH_LT20,X_TAX,2017-S2,2017,S2,0.121
DE,MWH_LT20,X_TAX,2018-S1,2018,S1,0.1319
DE,MWH_LT20,X_TAX,2018-S2,2018,S2,0.131
DE,MWH_LT20,X_TAX,2019-S1,2019,S1,0.1348
DE,MWH_LT20,X_TAX,2019-S2,2019,S2,0.1207
DE,MWH_LT20,X_TAX,2020-S1,2020,S1,0.1346
DE,MWH_LT20,X_TAX,2020-S2,2020,S2,0.1369
DE,MWH_LT20,X_TAX,2021-S1,2021,S1,0.1402
DE,MWH_LT20,X_TAX,2021-S2,2021,S2,0.1444
DE,MWH_LT20,X_TAX,2022-S1,2022,S1,0.1809
DE,MWH_LT20,X_TAX,2022-S2,2022,S2,0.2231
DE,MWH_LT20,X_TAX,2023-S1,2023,S1,0.2767
DE,MWH_LT20,X_TAX,2023-S2,2023,S2,0.2798
DE,MWH_LT20,X_TAX,2024-S1,2024,S1,0.2794
DE,MWH_LT20,X_TAX,2024-S2,2024,S2,0.282
DE,MWH_LT20,X_TAX,2025-S1,2025,S1,0.2665
DE,MWH_LT20,X_TAX,2025-S2,2025,S2,0.2642
DE,MWH_LT20,X_VAT,2007-S1,2007,S1,0.1726
DE,MWH_LT20,X_VAT,2007-S2,2007,S2,0.1759
DE,MWH_LT20,X_VAT,2008-S1,2008,S1,0.1768
DE,MWH_LT20,X_VAT,2008-S2,2008,S2,0.1831
DE,MWH_LT20,X_VAT,2009-S1,2009,S1,0.184
DE,MWH_LT20,X_VAT,2009-S2,2009,S2,0.1888
DE,MWH_LT20,X_VAT,2010-S1,2010,S1,0.1923
DE,MWH_LT20,X_VAT,2010-S2,2010,S2,0.1983
DE,MWH_LT20,X_VAT,2011-S1,2011,S1,0.2072
DE,MWH_LT20,X_VAT,2011-S2,2011,S2,0.2124
DE,MWH_LT20,X_VAT,2012-S1,2012,S1,0.216
DE,MWH_LT20,X_VAT,2012-S2,2012,S2,0.219
DE,MWH_LT20,X_VAT,2013-S1,2013,S1,0.2415
DE,MWH_LT20,X_VAT,2013-S2,2013,S2,0.2372
DE,MWH_LT20,X_VAT,2014-S1,2014,S1,0.2261
DE,MWH_LT20,X_VAT,2014-S2,2014,S2,0.2291
DE,MWH_LT20,X_VAT,2015-S1,2015,S1,0.2198
DE,MWH_LT20,X_VAT,2015-S2,2015,S2,0.2182
DE,MWH_LT20,X_VAT,2016-S1,2016,S1,0.2203
DE,MWH_LT20,X_VAT,2016-S2,2016,S2,0.2158
DE,MWH_LT20,X_VAT,2017-S1,2017,S1,0.2213
DE,MWH_LT20,X_VAT,2017-S2,2017,S2,0.2199
DE,MWH_LT20,X_VAT,2018-S1,2018,S1,0.2263
DE,MWH_LT20,X_VAT,2018-S2,2018,S2,0.2234
DE,MWH_LT20,X_VAT,2019-S1,2019,S1,0.225
DE,MWH_LT20,X_VAT,2019-S2,2019,S2,0.2289
DE,MWH_LT20,X_VAT,2020-S1,2020,S1,0.2455
DE,MWH_LT20,X_VAT,2020-S2,2020,S2,0.2485
DE,MWH_LT20,X_VAT,2021-S1,2021,S1,0.2492
DE,MWH_LT20,X_VAT,2021-S2,2021,S2,0.2544
DE,MWH_LT20,X_VAT,2022-S1,2022,S1,0.264
DE,MWH_LT20,X_VAT,2022-S2,2022,S2,0.2702
DE,MWH_LT20,X_VAT,2023-S1,2023,S1,0.3247
DE,MWH_LT20,X_VAT,2023-S2,2023,S2,0.3279
DE,MWH_LT20,X_VAT,2024-S1,2024,S1,0.3293
DE,MWH_LT20,X_VAT,2024-S2,2024,S2,0.3326
DE,MWH_LT20,X_VAT,2025-S1,2025,S1,0.3282
DE,MWH_LT20,X_VAT,2025-S2,2025,S2,0.3258
DE,TOT_KWH,I_TAX,2021-S2,2021,S2,0.2097
DE,TOT_KWH,I_TAX,2022-S1,2022,S1,0.2468
DE,TOT_KWH,I_TAX,2022-S2,2022,S2,0.258
DE,TOT_KWH,I_TAX,2023-S1,2023,S1,0.2599
DE,TOT_KWH,I_TAX,2023-S2,2023,S2,0.254
DE,TOT_KWH,I_TAX,2024-S1,2024,S1,0.2469
DE,TOT_KWH,I_TAX,2024-S2,2024,S2,0.2527
DE,TOT_KWH,I_TAX,2025-S1,2025,S1,0.2415
DE,TOT_KWH,I_TAX,2025-S2,2025,S2,0.2372
DE,TOT_KWH,X_TAX,2021-S2,2021,S2,0.0955
DE,TOT_KWH,X_TAX,2022-S1,2022,S1,0.1482
DE,TOT_KWH,X_TAX,2022-S2,2022,S2,0.1831
DE,TOT_KWH,X_TAX,2023-S1,2023,S1,0.1831
DE,TOT_KWH,X_TAX,2023-S2,2023,S2,0.1784
DE,TOT_KWH,X_TAX,2024-S1,2024,S1,0.1742
DE,TOT_KWH,X_TAX,2024-S2,2024,S2,0.1792
DE,TOT_KWH,X_TAX,2025-S1,2025,S1,0.1632
DE,TOT_KWH,X_TAX,2025-S2,2025,S2,0.1614
DE,TOT_KWH,X_VAT,2021-S2,2021,S2,0.1665
DE,TOT_KWH,X_VAT,2022-S1,2022,S1,0.1978
DE,TOT_KWH,X_VAT,2022-S2,2022,S2,0.2074
DE,TOT_KWH,X_VAT,2023-S1,2023,S1,0.2085
DE,TOT_KWH,X_VAT,2023-S2,2023,S2,0.2035
DE,TOT_KWH,X_VAT,2024-S1,2024,S1,0.1998
DE,TOT_KWH,X_VAT,2024-S2,2024,S2,0.2045
DE,TOT_KWH,X_VAT,2025-S1,2025,S1,0.1959
DE,TOT_KWH,X_VAT,2025-S2,2025,S2,0.1921
