geo,tra_type,distance,unit,year,value
DE,HIRE,KM1000-1999,MIO_TKM,1999,13998.0
DE,HIRE,KM1000-1999,MIO_TKM,2000,13625.0
DE,HIRE,KM1000-1999,MIO_TKM,2001,13828.0
DE,HIRE,KM1000-1999,MIO_TKM,2002,15214.0
DE,HIRE,KM1000-1999,MIO_TKM,2003,15100.0
DE,HIRE,KM1000-1999,MIO_TKM,2004,17864.0
DE,HIRE,KM1000-1999,MIO_TKM,2005,16922.0
DE,HIRE,KM1000-1999,MIO_TKM,2006,18572.0
DE,HIRE,KM1000-1999,MIO_TKM,2007,17830.0
DE,HIRE,KM1000-1999,MIO_TKM,2008,18872.0
DE,HIRE,KM1000-1999,MIO_TKM,2009,15048.0
DE,HIRE,KM1000-1999,MIO_TKM,2010,13341.0
DE,HIRE,KM1000-1999,MIO_TKM,2011,12695.0
DE,HIRE,KM1000-1999,MIO_TKM,2012,10778.0
DE,HIRE,KM1000-1999,MIO_TKM,2013,9665.0
DE,HIRE,KM1000-1999,MIO_TKM,2014,9027.0
DE,HIRE,KM1000-1999,MIO_TKM,2015,8196.0
DE,HIRE,KM1000-1999,MIO_TKM,2016,8025.0
DE,HIRE,KM1000-1999,MIO_TKM,2017,7225.0
DE,HIRE,KM1000-1999,MIO_TKM,2018,6747.0
DE,HIRE,KM1000-1999,MIO_TKM,2019,6573.0
DE,HIRE,KM1000-1999,MIO_TKM,2020,5823.0
DE,HIRE,KM1000-1999,MIO_TKM,2021,5975.0
DE,HIRE,KM1000-1999,MIO_TKM,2022,6486.0
DE,HIRE,KM1000-1999,MIO_TKM,2023,5742.0
DE,HIRE,KM1000-1999,MIO_TKM,2024,5706.0
DE,HIRE,KM150-299,MIO_TKM,1999,40241.0
DE,HIRE,KM150-299,MIO_TKM,2000,41614.0
DE,HIRE,KM150-299,MIO_TKM,2001,42560.0
DE,HIRE,KM150-299,MIO_TKM,2002,43877.0
DE,HIRE,KM150-299,MIO_TKM,2003,46410.0
DE,HIRE,KM150-299,MIO_TKM,2004,47659.0
DE,HIRE,KM150-299,MIO_TKM,2005,51124.0
DE,HIRE,KM150-299,MIO_TKM,2006,53740.0
DE,HIRE,KM150-299,MIO_TKM,2007,58546.0
DE,HIRE,KM150-299,MIO_TKM,2008,56740.0
DE,HIRE,KM150-299,MIO_TKM,2009,53114.0
DE,HIRE,KM150-299,MIO_TKM,2010,58000.0
DE,HIRE,KM150-299,MIO_TKM,2011,60855.0
DE,HIRE,KM150-299,MIO_TKM,2012,59093.0
DE,HIRE,KM150-299,MIO_TKM,2013,60074.0
DE,HIRE,KM150-299,MIO_TKM,2014,62081.0
DE,HIRE,KM150-299,MIO_TKM,2015,66173.0
DE,HIRE,KM150-299,MIO_TKM,2016,66984.0
DE,HIRE,KM150-299,MIO_TKM,2017,67926.0
DE,HIRE,KM150-299,MIO_TKM,2018,69803.0
DE,HIRE,KM150-299,MIO_TKM,2019,68337.0
DE,HIRE,KM150-299,MIO_TKM,2020,67481.0
DE,HIRE,KM150-299,MIO_TKM,2021,69659.0
DE,HIRE,KM150-299,MIO_TKM,2022,68575.0
DE,HIRE,KM150-299,MIO_TKM,2023,65724.0
DE,HIRE,KM150-299,MIO_TKM,2024,64767.0
DE,HIRE,KM2000-5999,MIO_TKM,1999,2602.0
DE,HIRE,KM2000-5999,MIO_TKM,2000,3100.0
DE,HIRE,KM2000-5999,MIO_TKM,2001,3036.0
DE,HIRE,KM2000-5999,MIO_TKM,2002,2787.0
DE,HIRE,KM2000-5999,MIO_TKM,2003,2952.0
DE,HIRE,KM2000-5999,MIO_TKM,2004,2812.0
DE,HIRE,KM2000-5999,MIO_TKM,2005,2994.0
DE,HIRE,KM2000-5999,MIO_TKM,2006,3476.0
DE,HIRE,KM2000-5999,MIO_TKM,2007,3523.0
DE,HIRE,KM2000-5999,MIO_TKM,2008,2783.0
DE,HIRE,KM2000-5999,MIO_TKM,2009,2348.0
DE,HIRE,KM2000-5999,MIO_TKM,2010,2665.0
DE,HIRE,KM2000-5999,MIO_TKM,2011,2699.0
DE,HIRE,KM2000-5999,MIO_TKM,2012,2000.0
DE,HIRE,KM2000-5999,MIO_TKM,2013,1694.0
DE,HIRE,KM2000-5999,MIO_TKM,2014,1716.0
DE,HIRE,KM2000-5999,MIO_TKM,2015,1227.0
DE,HIRE,KM2000-5999,MIO_TKM,2016,959.0
DE,HIRE,KM2000-5999,MIO_TKM,2017,876.0
DE,HIRE,KM2000-5999,MIO_TKM,2018,905.0
DE,HIRE,KM2000-5999,MIO_TKM,2019,877.0
DE,HIRE,KM2000-5999,MIO_TKM,2020,629.0
DE,HIRE,KM2000-5999,MIO_TKM,2021,839.0
DE,HIRE,KM2000-5999,MIO_TKM,2022,954.0
DE,HIRE,KM2000-5999,MIO_TKM,2023,883.0
DE,HIRE,KM2000-5999,MIO_TKM,2024,840.0
DE,HIRE,KM300-499,MIO_TKM,1999,44567.0
DE,HIRE,KM300-499,MIO_TKM,2000,45900.0
DE,HIRE,KM300-499,MIO_TKM,2001,49130.0
DE,HIRE,KM300-499,MIO_TKM,2002,49963.0
DE,HIRE,KM300-499,MIO_TKM,2003,51935.0
DE,HIRE,KM300-499,MIO_TKM,2004,55466.0
DE,HIRE,KM300-499,MIO_TKM,2005,58110.0
DE,HIRE,KM300-499,MIO_TKM,2006,62779.0
DE,HIRE,KM300-499,MIO_TKM,2007,66971.0
DE,HIRE,KM300-499,MIO_TKM,2008,65269.0
DE,HIRE,KM300-499,MIO_TKM,2009,58450.0
DE,HIRE,KM300-499,MIO_TKM,2010,63466.0
DE,HIRE,KM300-499,MIO_TKM,2011,64914.0
DE,HIRE,KM300-499,MIO_TKM,2012,61278.0
DE,HIRE,KM300-499,MIO_TKM,2013,61372.0
DE,HIRE,KM300-499,MIO_TKM,2014,62196.0
DE,HIRE,KM300-499,MIO_TKM,2015,63934.0
DE,HIRE,KM300-499,MIO_TKM,2016,63496.0
DE,HIRE,KM300-499,MIO_TKM,2017,62138.0
DE,HIRE,KM300-499,MIO_TKM,2018,63913.0
DE,HIRE,KM300-499,MIO_TKM,2019,60547.0
DE,HIRE,KM300-499,MIO_TKM,2020,59342.0
DE,HIRE,KM300-499,MIO_TKM,2021,60673.0
DE,HIRE,KM300-499,MIO_TKM,2022,58929.0
DE,HIRE,KM300-499,MIO_TKM,2023,55364.0
DE,HIRE,KM300-499,MIO_TKM,2024,53760.0
DE,HIRE,KM50-149,MIO_TKM,1999,29349.0
DE,HIRE,KM50-149,MIO_TKM,2000,30200.0
DE,HIRE,KM50-149,MIO_TKM,2001,30305.0
DE,HIRE,KM50-149,MIO_TKM,2002,29212.0
DE,HIRE,KM50-149,MIO_TKM,2003,30788.0
DE,HIRE,KM50-149,MIO_TKM,2004,32847.0
DE,HIRE,KM50-149,MIO_TKM,2005,35024.0
DE,HIRE,KM50-149,MIO_TKM,2006,36876.0
DE,HIRE,KM50-149,MIO_TKM,2007,39922.0
DE,HIRE,KM50-149,MIO_TKM,2008,36539.0
DE,HIRE,KM50-149,MIO_TKM,2009,34986.0
DE,HIRE,KM50-149,MIO_TKM,2010,39425.0
DE,HIRE,KM50-149,MIO_TKM,2011,43155.0
DE,HIRE,KM50-149,MIO_TKM,2012,42236.0
DE,HIRE,KM50-149,MIO_TKM,2013,43750.0
DE,HIRE,KM50-149,MIO_TKM,2014,46898.0
DE,HIRE,KM50-149,MIO_TKM,2015,48478.0
DE,HIRE,KM50-149,MIO_TKM,2016,50214.0
DE,HIRE,KM50-149,MIO_TKM,2017,52222.0
DE,HIRE,KM50-149,MIO_TKM,2018,53084.0
DE,HIRE,KM50-149,MIO_TKM,2019,53989.0
DE,HIRE,KM50-149,MIO_TKM,2020,52696.0
DE,HIRE,KM50-149,MIO_TKM,2021,53043.0
DE,HIRE,KM50-149,MIO_TKM,2022,53400.0
DE,HIRE,KM50-149,MIO_TKM,2023,50693.0
DE,HIRE,KM50-149,MIO_TKM,2024,50416.0
DE,HIRE,KM500-999,MIO_TKM,1999,50773.0
DE,HIRE,KM500-999,MIO_TKM,2000,52451.0
DE,HIRE,KM500-999,MIO_TKM,2001,56531.0
DE,HIRE,KM500-999,MIO_TKM,2002,57158.0
DE,HIRE,KM500-999,MIO_TKM,2003,61250.0
DE,HIRE,KM500-999,MIO_TKM,2004,64572.0
DE,HIRE,KM500-999,MIO_TKM,2005,65723.0
DE,HIRE,KM500-999,MIO_TKM,2006,69883.0
DE,HIRE,KM500-999,MIO_TKM,2007,73907.0
DE,HIRE,KM500-999,MIO_TKM,2008,76290.0
DE,HIRE,KM500-999,MIO_TKM,2009,65625.0
DE,HIRE,KM500-999,MIO_TKM,2010,66283.0
DE,HIRE,KM500-999,MIO_TKM,2011,66771.0
DE,HIRE,KM500-999,MIO_TKM,2012,61374.0
DE,HIRE,KM500-999,MIO_TKM,2013,58422.0
DE,HIRE,KM500-999,MIO_TKM,2014,56367.0
DE,HIRE,KM500-999,MIO_TKM,2015,56288.0
DE,HIRE,KM500-999,MIO_TKM,2016,55098.0
DE,HIRE,KM500-999,MIO_TKM,2017,52419.0
DE,HIRE,KM500-999,MIO_TKM,2018,51062.0
DE,HIRE,KM500-999,MIO_TKM,2019,49805.0
DE,HIRE,KM500-999,MIO_TKM,2020,47534.0
DE,HIRE,KM500-999,MIO_TKM,2021,47070.0
DE,HIRE,KM500-999,MIO_TKM,2022,47907.0
DE,HIRE,KM500-999,MIO_TKM,2023,43662.0
DE,HIRE,KM500-999,MIO_TKM,2024,42455.0
DE,HIRE,KM_LT50,MIO_TKM,1999,14566.0
DE,HIRE,KM_LT50,MIO_TKM,2000,13979.0
DE,HIRE,KM_LT50,MIO_TKM,2001,13282.0
DE,HIRE,KM_LT50,MIO_TKM,2002,13047.0
DE,HIRE,KM_LT50,MIO_TKM,2003,13239.0
DE,HIRE,KM_LT50,MIO_TKM,2004,13933.0
DE,HIRE,KM_LT50,MIO_TKM,2005,14548.0
DE,HIRE,KM_LT50,MIO_TKM,2006,15275.0
DE,HIRE,KM_LT50,MIO_TKM,2007,16692.0
DE,HIRE,KM_LT50,MIO_TKM,2008,15311.0
DE,HIRE,KM_LT50,MIO_TKM,2009,14471.0
DE,HIRE,KM_LT50,MIO_TKM,2010,16977.0
DE,HIRE,KM_LT50,MIO_TKM,2011,19111.0
DE,HIRE,KM_LT50,MIO_TKM,2012,19066.0
DE,HIRE,KM_LT50,MIO_TKM,2013,19702.0
DE,HIRE,KM_LT50,MIO_TKM,2014,21195.0
DE,HIRE,KM_LT50,MIO_TKM,2015,20969.0
DE,HIRE,KM_LT50,MIO_TKM,2016,22572.0
DE,HIRE,KM_LT50,MIO_TKM,2017,23561.0
DE,HIRE,KM_LT50,MIO_TKM,2018,23922.0
DE,HIRE,KM_LT50,MIO_TKM,2019,24268.0
DE,HIRE,KM_LT50,MIO_TKM,2020,23387.0
DE,HIRE,KM_LT50,MIO_TKM,2021,23821.0
DE,HIRE,KM_LT50,MIO_TKM,2022,23635.0
DE,HIRE,KM_LT50,MIO_TKM,2023,22070.0
DE,HIRE,KM_LT50,MIO_TKM,2024,21360.0
DE,HIRE,TOTAL,MIO_TKM,1999,196145.0
DE,HIRE,TOTAL,MIO_TKM,2000,200869.0
DE,HIRE,TOTAL,MIO_TKM,2001,208672.0
DE,HIRE,TOTAL,MIO_TKM,2002,211259.0
DE,HIRE,TOTAL,MIO_TKM,2003,221675.0
DE,HIRE,TOTAL,MIO_TKM,2004,235153.0
DE,HIRE,TOTAL,MIO_TKM,2005,244445.0
DE,HIRE,TOTAL,MIO_TKM,2006,260601.0
DE,HIRE,TOTAL,MIO_TKM,2007,277391.0
DE,HIRE,TOTAL,MIO_TKM,2008,271803.0
DE,HIRE,TOTAL,MIO_TKM,2009,244043.0
DE,HIRE,TOTAL,MIO_TKM,2010,260156.0
DE,HIRE,TOTAL,MIO_TKM,2011,270228.0
DE,HIRE,TOTAL,MIO_TKM,2012,255898.0
DE,HIRE,TOTAL,MIO_TKM,2013,254680.0
DE,HIRE,TOTAL,MIO_TKM,2014,259481.0
DE,HIRE,TOTAL,MIO_TKM,2015,265281.0
DE,HIRE,TOTAL,MIO_TKM,2016,267383.0
DE,HIRE,TOTAL,MIO_TKM,2017,266368.0
DE,HIRE,TOTAL,MIO_TKM,2018,269436.0
DE,HIRE,TOTAL,MIO_TKM,2019,264396.0
DE,HIRE,TOTAL,MIO_TKM,2020,256892.0
DE,HIRE,TOTAL,MIO_TKM,2021,261131.0
DE,HIRE,TOTAL,MIO_TKM,2022,259886.0
DE,HIRE,TOTAL,MIO_TKM,2023,244139.0
DE,HIRE,TOTAL,MIO_TKM,2024,239303.0
DE,OWN,KM1000-1999,MIO_TKM,1999,851.0
DE,OWN,KM1000-1999,MIO_TKM,2000,704.0
DE,OWN,KM1000-1999,MIO_TKM,2001,854.0
DE,OWN,KM1000-1999,MIO_TKM,2002,760.0
DE,OWN,KM1000-1999,MIO_TKM,2003,734.0
DE,OWN,KM1000-1999,MIO_TKM,2004,493.0
DE,OWN,KM1000-1999,MIO_TKM,2005,432.0
DE,OWN,KM1000-1999,MIO_TKM,2006,531.0
DE,OWN,KM1000-1999,MIO_TKM,2007,484.0
DE,OWN,KM1000-1999,MIO_TKM,2008,1197.0
DE,OWN,KM1000-1999,MIO_TKM,2009,1008.0
DE,OWN,KM1000-1999,MIO_TKM,2010,824.0
DE,OWN,KM1000-1999,MIO_TKM,2011,825.0
DE,OWN,KM1000-1999,MIO_TKM,2012,709.0
DE,OWN,KM1000-1999,MIO_TKM,2013,726.0
DE,OWN,KM1000-1999,MIO_TKM,2014,586.0
DE,OWN,KM1000-1999,MIO_TKM,2015,620.0
DE,OWN,KM1000-1999,MIO_TKM,2016,671.0
DE,OWN,KM1000-1999,MIO_TKM,2017,509.0
DE,OWN,KM1000-1999,MIO_TKM,2018,555.0
DE,OWN,KM1000-1999,MIO_TKM,2019,597.0
DE,OWN,KM1000-1999,MIO_TKM,2020,495.0
DE,OWN,KM1000-1999,MIO_TKM,2021,484.0
DE,OWN,KM1000-1999,MIO_TKM,2022,571.0
DE,OWN,KM1000-1999,MIO_TKM,2023,546.0
DE,OWN,KM1000-1999,MIO_TKM,2024,502.0
DE,OWN,KM150-299,MIO_TKM,1999,16198.0
DE,OWN,KM150-299,MIO_TKM,2000,16110.0
DE,OWN,KM150-299,MIO_TKM,2001,16252.0
DE,OWN,KM150-299,MIO_TKM,2002,15351.0
DE,OWN,KM150-299,MIO_TKM,2003,14216.0
DE,OWN,KM150-299,MIO_TKM,2004,14752.0
DE,OWN,KM150-299,MIO_TKM,2005,14080.0
DE,OWN,KM150-299,MIO_TKM,2006,14590.0
DE,OWN,KM150-299,MIO_TKM,2007,13761.0
DE,OWN,KM150-299,MIO_TKM,2008,14782.0
DE,OWN,KM150-299,MIO_TKM,2009,13964.0
DE,OWN,KM150-299,MIO_TKM,2010,11313.0
DE,OWN,KM150-299,MIO_TKM,2011,11248.0
DE,OWN,KM150-299,MIO_TKM,2012,10043.0
DE,OWN,KM150-299,MIO_TKM,2013,9847.0
DE,OWN,KM150-299,MIO_TKM,2014,9908.0
DE,OWN,KM150-299,MIO_TKM,2015,9559.0
DE,OWN,KM150-299,MIO_TKM,2016,9346.0
DE,OWN,KM150-299,MIO_TKM,2017,9059.0
DE,OWN,KM150-299,MIO_TKM,2018,9159.0
DE,OWN,KM150-299,MIO_TKM,2019,9230.0
DE,OWN,KM150-299,MIO_TKM,2020,9153.0
DE,OWN,KM150-299,MIO_TKM,2021,8711.0
DE,OWN,KM150-299,MIO_TKM,2022,8494.0
DE,OWN,KM150-299,MIO_TKM,2023,8185.0
DE,OWN,KM150-299,MIO_TKM,2024,8184.0
DE,OWN,KM2000-5999,MIO_TKM,1999,140.0
DE,OWN,KM2000-5999,MIO_TKM,2000,179.0
DE,OWN,KM2000-5999,MIO_TKM,2001,234.0
DE,OWN,KM2000-5999,MIO_TKM,2003,116.0
DE,OWN,KM2000-5999,MIO_TKM,2004,155.0
DE,OWN,KM2000-5999,MIO_TKM,2005,118.0
DE,OWN,KM2000-5999,MIO_TKM,2006,214.0
DE,OWN,KM2000-5999,MIO_TKM,2007,140.0
DE,OWN,KM2000-5999,MIO_TKM,2008,152.0
DE,OWN,KM2000-5999,MIO_TKM,2009,84.0
DE,OWN,KM2000-5999,MIO_TKM,2010,71.0
DE,OWN,KM2000-5999,MIO_TKM,2011,59.0
DE,OWN,KM300-499,MIO_TKM,1999,8676.0
DE,OWN,KM300-499,MIO_TKM,2000,8661.0
DE,OWN,KM300-499,MIO_TKM,2001,9025.0
DE,OWN,KM300-499,MIO_TKM,2002,8514.0
DE,OWN,KM300-499,MIO_TKM,2003,7483.0
DE,OWN,KM300-499,MIO_TKM,2004,7606.0
DE,OWN,KM300-499,MIO_TKM,2005,7108.0
DE,OWN,KM300-499,MIO_TKM,2006,7676.0
DE,OWN,KM300-499,MIO_TKM,2007,7353.0
DE,OWN,KM300-499,MIO_TKM,2008,8513.0
DE,OWN,KM300-499,MIO_TKM,2009,7284.0
DE,OWN,KM300-499,MIO_TKM,2010,6007.0
DE,OWN,KM300-499,MIO_TKM,2011,5894.0
DE,OWN,KM300-499,MIO_TKM,2012,5694.0
DE,OWN,KM300-499,MIO_TKM,2013,5220.0
DE,OWN,KM300-499,MIO_TKM,2014,5282.0
DE,OWN,KM300-499,MIO_TKM,2015,4923.0
DE,OWN,KM300-499,MIO_TKM,2016,4746.0
DE,OWN,KM300-499,MIO_TKM,2017,4492.0
DE,OWN,KM300-499,MIO_TKM,2018,4426.0
DE,OWN,KM300-499,MIO_TKM,2019,4214.0
DE,OWN,KM300-499,MIO_TKM,2020,4383.0
DE,OWN,KM300-499,MIO_TKM,2021,4072.0
DE,OWN,KM300-499,MIO_TKM,2022,4123.0
DE,OWN,KM300-499,MIO_TKM,2023,3656.0
DE,OWN,KM300-499,MIO_TKM,2024,3729.0
DE,OWN,KM50-149,MIO_TKM,1999,22989.0
DE,OWN,KM50-149,MIO_TKM,2000,22354.0
DE,OWN,KM50-149,MIO_TKM,2001,21840.0
DE,OWN,KM50-149,MIO_TKM,2002,20097.0
DE,OWN,KM50-149,MIO_TKM,2003,19661.0
DE,OWN,KM50-149,MIO_TKM,2004,19296.0
DE,OWN,KM50-149,MIO_TKM,2005,18813.0
DE,OWN,KM50-149,MIO_TKM,2006,19663.0
DE,OWN,KM50-149,MIO_TKM,2007,19143.0
DE,OWN,KM50-149,MIO_TKM,2008,17688.0
DE,OWN,KM50-149,MIO_TKM,2009,16400.0
DE,OWN,KM50-149,MIO_TKM,2010,13200.0
DE,OWN,KM50-149,MIO_TKM,2011,13692.0
DE,OWN,KM50-149,MIO_TKM,2012,12925.0
DE,OWN,KM50-149,MIO_TKM,2013,12739.0
DE,OWN,KM50-149,MIO_TKM,2014,12948.0
DE,OWN,KM50-149,MIO_TKM,2015,12731.0
DE,OWN,KM50-149,MIO_TKM,2016,12269.0
DE,OWN,KM50-149,MIO_TKM,2017,11822.0
DE,OWN,KM50-149,MIO_TKM,2018,11625.0
DE,OWN,KM50-149,MIO_TKM,2019,11665.0
DE,OWN,KM50-149,MIO_TKM,2020,11637.0
DE,OWN,KM50-149,MIO_TKM,2021,11393.0
DE,OWN,KM50-149,MIO_TKM,2022,10678.0
DE,OWN,KM50-149,MIO_TKM,2023,10229.0
DE,OWN,KM50-149,MIO_TKM,2024,9987.0
DE,OWN,KM500-999,MIO_TKM,1999,6139.0
DE,OWN,KM500-999,MIO_TKM,2000,5471.0
DE,OWN,KM500-999,MIO_TKM,2001,5669.0
DE,OWN,KM500-999,MIO_TKM,2002,5210.0
DE,OWN,KM500-999,MIO_TKM,2003,3985.0
DE,OWN,KM500-999,MIO_TKM,2004,4439.0
DE,OWN,KM500-999,MIO_TKM,2005,4134.0
DE,OWN,KM500-999,MIO_TKM,2006,4627.0
DE,OWN,KM500-999,MIO_TKM,2007,3899.0
DE,OWN,KM500-999,MIO_TKM,2008,5890.0
DE,OWN,KM500-999,MIO_TKM,2009,5069.0
DE,OWN,KM500-999,MIO_TKM,2010,4258.0
DE,OWN,KM500-999,MIO_TKM,2011,4099.0
DE,OWN,KM500-999,MIO_TKM,2012,3896.0
DE,OWN,KM500-999,MIO_TKM,2013,3786.0
DE,OWN,KM500-999,MIO_TKM,2014,3658.0
DE,OWN,KM500-999,MIO_TKM,2015,3375.0
DE,OWN,KM500-999,MIO_TKM,2016,3025.0
DE,OWN,KM500-999,MIO_TKM,2017,2734.0
DE,OWN,KM500-999,MIO_TKM,2018,2986.0
DE,OWN,KM500-999,MIO_TKM,2019,2510.0
DE,OWN,KM500-999,MIO_TKM,2020,2838.0
DE,OWN,KM500-999,MIO_TKM,2021,2514.0
DE,OWN,KM500-999,MIO_TKM,2022,2387.0
DE,OWN,KM500-999,MIO_TKM,2023,2441.0
DE,OWN,KM500-999,MIO_TKM,2024,2222.0
DE,OWN,KM_LT50,MIO_TKM,1999,17885.0
DE,OWN,KM_LT50,MIO_TKM,2000,16675.0
DE,OWN,KM_LT50,MIO_TKM,2001,16283.0
DE,OWN,KM_LT50,MIO_TKM,2002,14123.0
DE,OWN,KM_LT50,MIO_TKM,2003,13672.0
DE,OWN,KM_LT50,MIO_TKM,2004,13536.0
DE,OWN,KM_LT50,MIO_TKM,2005,12615.0
DE,OWN,KM_LT50,MIO_TKM,2006,13532.0
DE,OWN,KM_LT50,MIO_TKM,2007,12887.0
DE,OWN,KM_LT50,MIO_TKM,2008,12716.0
DE,OWN,KM_LT50,MIO_TKM,2009,11178.0
DE,OWN,KM_LT50,MIO_TKM,2010,8300.0
DE,OWN,KM_LT50,MIO_TKM,2011,8980.0
DE,OWN,KM_LT50,MIO_TKM,2012,8395.0
DE,OWN,KM_LT50,MIO_TKM,2013,8595.0
DE,OWN,KM_LT50,MIO_TKM,2014,8890.0
DE,OWN,KM_LT50,MIO_TKM,2015,8569.0
DE,OWN,KM_LT50,MIO_TKM,2016,8463.0
DE,OWN,KM_LT50,MIO_TKM,2017,8176.0
DE,OWN,KM_LT50,MIO_TKM,2018,8146.0
DE,OWN,KM_LT50,MIO_TKM,2019,8163.0
DE,OWN,KM_LT50,MIO_TKM,2020,8133.0
DE,OWN,KM_LT50,MIO_TKM,2021,7803.0
DE,OWN,KM_LT50,MIO_TKM,2022,7200.0
DE,OWN,KM_LT50,MIO_TKM,2023,6700.0
DE,OWN,KM_LT50,MIO_TKM,2024,6369.0
DE,OWN,TOTAL,MIO_TKM,1999,72951.0
DE,OWN,TOTAL,MIO_TKM,2000,70154.0
DE,OWN,TOTAL,MIO_TKM,2001,70157.0
DE,OWN,TOTAL,MIO_TKM,2002,64184.0
DE,OWN,TOTAL,MIO_TKM,2003,59866.0
DE,OWN,TOTAL,MIO_TKM,2004,60276.0
DE,OWN,TOTAL,MIO_TKM,2005,57299.0
DE,OWN,TOTAL,MIO_TKM,2006,60833.0
DE,OWN,TOTAL,MIO_TKM,2007,57666.0
DE,OWN,TOTAL,MIO_TKM,2008,60938.0
DE,OWN,TOTAL,MIO_TKM,2009,54987.0
DE,OWN,TOTAL,MIO_TKM,2010,43972.0
DE,OWN,TOTAL,MIO_TKM,2011,44798.0
DE,OWN,TOTAL,MIO_TKM,2012,41678.0
DE,OWN,TOTAL,MIO_TKM,2013,40958.0
DE,OWN,TOTAL,MIO_TKM,2014,41291.0
DE,OWN,TOTAL,MIO_TKM,2015,39789.0
DE,OWN,TOTAL,MIO_TKM,2016,38545.0
DE,OWN,TOTAL,MIO_TKM,2017,36841.0
DE,OWN,TOTAL,MIO_TKM,2018,36924.0
DE,OWN,TOTAL,MIO_TKM,2019,36405.0
DE,OWN,TOTAL,MIO_TKM,2020,36648.0
DE,OWN,TOTAL,MIO_TKM,2021,35005.0
DE,OWN,TOTAL,MIO_TKM,2022,33459.0
DE,OWN,TOTAL,MIO_TKM,2023,31792.0
DE,OWN,TOTAL,MIO_TKM,2024,31022.0
DE,TOTAL,KM1000-1999,MIO_TKM,1999,14849.0
DE,TOTAL,KM1000-1999,MIO_TKM,2000,14330.0
DE,TOTAL,KM1000-1999,MIO_TKM,2001,14681.0
DE,TOTAL,KM1000-1999,MIO_TKM,2002,15974.0
DE,TOTAL,KM1000-1999,MIO_TKM,2003,15835.0
DE,TOTAL,KM1000-1999,MIO_TKM,2004,18357.0
DE,TOTAL,KM1000-1999,MIO_TKM,2005,17354.0
DE,TOTAL,KM1000-1999,MIO_TKM,2006,19103.0
DE,TOTAL,KM1000-1999,MIO_TKM,2007,18314.0
DE,TOTAL,KM1000-1999,MIO_TKM,2008,20069.0
DE,TOTAL,KM1000-1999,MIO_TKM,2009,16056.0
DE,TOTAL,KM1000-1999,MIO_TKM,2010,14164.0
DE,TOTAL,KM1000-1999,MIO_TKM,2011,13520.0
DE,TOTAL,KM1000-1999,MIO_TKM,2012,11487.0
DE,TOTAL,KM1000-1999,MIO_TKM,2013,10390.0
DE,TOTAL,KM1000-1999,MIO_TKM,2014,9614.0
DE,TOTAL,KM1000-1999,MIO_TKM,2015,8816.0
DE,TOTAL,KM1000-1999,MIO_TKM,2016,8696.0
DE,TOTAL,KM1000-1999,MIO_TKM,2017,7734.0
DE,TOTAL,KM1000-1999,MIO_TKM,2018,7302.0
DE,TOTAL,KM1000-1999,MIO_TKM,2019,7171.0
DE,TOTAL,KM1000-1999,MIO_TKM,2020,6319.0
DE,TOTAL,KM1000-1999,MIO_TKM,2021,6459.0
DE,TOTAL,KM1000-1999,MIO_TKM,2022,7057.0
DE,TOTAL,KM1000-1999,MIO_TKM,2023,6288.0
DE,TOTAL,KM1000-1999,MIO_TKM,2024,6208.0
DE,TOTAL,KM150-299,MIO_TKM,1999,56439.0
DE,TOTAL,KM150-299,MIO_TKM,2000,57724.0
DE,TOTAL,KM150-299,MIO_TKM,2001,58812.0
DE,TOTAL,KM150-299,MIO_TKM,2002,59228.0
DE,TOTAL,KM150-299,MIO_TKM,2003,60626.0
DE,TOTAL,KM150-299,MIO_TKM,2004,62411.0
DE,TOTAL,KM150-299,MIO_TKM,2005,65204.0
DE,TOTAL,KM150-299,MIO_TKM,2006,68330.0
DE,TOTAL,KM150-299,MIO_TKM,2007,72307.0
DE,TOTAL,KM150-299,MIO_TKM,2008,71521.0
DE,TOTAL,KM150-299,MIO_TKM,2009,67078.0
DE,TOTAL,KM150-299,MIO_TKM,2010,69313.0
DE,TOTAL,KM150-299,MIO_TKM,2011,72103.0
DE,TOTAL,KM150-299,MIO_TKM,2012,69137.0
DE,TOTAL,KM150-299,MIO_TKM,2013,69921.0
DE,TOTAL,KM150-299,MIO_TKM,2014,71989.0
DE,TOTAL,KM150-299,MIO_TKM,2015,75733.0
DE,TOTAL,KM150-299,MIO_TKM,2016,76329.0
DE,TOTAL,KM150-299,MIO_TKM,2017,76985.0
DE,TOTAL,KM150-299,MIO_TKM,2018,78962.0
DE,TOTAL,KM150-299,MIO_TKM,2019,77567.0
DE,TOTAL,KM150-299,MIO_TKM,2020,76634.0
DE,TOTAL,KM150-299,MIO_TKM,2021,78370.0
DE,TOTAL,KM150-299,MIO_TKM,2022,77069.0
DE,TOTAL,KM150-299,MIO_TKM,2023,73909.0
DE,TOTAL,KM150-299,MIO_TKM,2024,72951.0
DE,TOTAL,KM2000-5999,MIO_TKM,1999,2742.0
DE,TOTAL,KM2000-5999,MIO_TKM,2000,3280.0
DE,TOTAL,KM2000-5999,MIO_TKM,2001,3269.0
DE,TOTAL,KM2000-5999,MIO_TKM,2002,2915.0
DE,TOTAL,KM2000-5999,MIO_TKM,2003,3068.0
DE,TOTAL,KM2000-5999,MIO_TKM,2004,2966.0
DE,TOTAL,KM2000-5999,MIO_TKM,2005,3111.0
DE,TOTAL,KM2000-5999,MIO_TKM,2006,3690.0
DE,TOTAL,KM2000-5999,MIO_TKM,2007,3662.0
DE,TOTAL,KM2000-5999,MIO_TKM,2008,2935.0
DE,TOTAL,KM2000-5999,MIO_TKM,2009,2431.0
DE,TOTAL,KM2000-5999,MIO_TKM,2010,2735.0
DE,TOTAL,KM2000-5999,MIO_TKM,2011,2758.0
DE,TOTAL,KM2000-5999,MIO_TKM,2012,2015.0
DE,TOTAL,KM2000-5999,MIO_TKM,2013,1739.0
DE,TOTAL,KM2000-5999,MIO_TKM,2014,1734.0
DE,TOTAL,KM2000-5999,MIO_TKM,2015,1239.0
DE,TOTAL,KM2000-5999,MIO_TKM,2016,985.0
DE,TOTAL,KM2000-5999,MIO_TKM,2017,926.0
DE,TOTAL,KM2000-5999,MIO_TKM,2018,931.0
DE,TOTAL,KM2000-5999,MIO_TKM,2019,903.0
DE,TOTAL,KM2000-5999,MIO_TKM,2020,637.0
DE,TOTAL,KM2000-5999,MIO_TKM,2021,867.0
DE,TOTAL,KM2000-5999,MIO_TKM,2022,960.0
DE,TOTAL,KM2000-5999,MIO_TKM,2023,918.0
DE,TOTAL,KM2000-5999,MIO_TKM,2024,869.0
DE,TOTAL,KM300-499,MIO_TKM,1999,53242.0
DE,TOTAL,KM300-499,MIO_TKM,2000,54560.0
DE,TOTAL,KM300-499,MIO_TKM,2001,58155.0
DE,TOTAL,KM300-499,MIO_TKM,2002,58477.0
DE,TOTAL,KM300-499,MIO_TKM,2003,59417.0
DE,TOTAL,KM300-499,MIO_TKM,2004,63072.0
DE,TOTAL,KM300-499,MIO_TKM,2005,65218.0
DE,TOTAL,KM300-499,MIO_TKM,2006,70456.0
DE,TOTAL,KM300-499,MIO_TKM,2007,74324.0
DE,TOTAL,KM300-499,MIO_TKM,2008,73782.0
DE,TOTAL,KM300-499,MIO_TKM,2009,65734.0
DE,TOTAL,KM300-499,MIO_TKM,2010,69473.0
DE,TOTAL,KM300-499,MIO_TKM,2011,70808.0
DE,TOTAL,KM300-499,MIO_TKM,2012,66971.0
DE,TOTAL,KM300-499,MIO_TKM,2013,66592.0
DE,TOTAL,KM300-499,MIO_TKM,2014,67478.0
DE,TOTAL,KM300-499,MIO_TKM,2015,68857.0
DE,TOTAL,KM300-499,MIO_TKM,2016,68242.0
DE,TOTAL,KM300-499,MIO_TKM,2017,66631.0
DE,TOTAL,KM300-499,MIO_TKM,2018,68339.0
DE,TOTAL,KM300-499,MIO_TKM,2019,64761.0
DE,TOTAL,KM300-499,MIO_TKM,2020,63725.0
DE,TOTAL,KM300-499,MIO_TKM,2021,64746.0
DE,TOTAL,KM300-499,MIO_TKM,2022,63052.0
DE,TOTAL,KM300-499,MIO_TKM,2023,59019.0
DE,TOTAL,KM300-499,MIO_TKM,2024,57489.0
DE,TOTAL,KM50-149,MIO_TKM,1999,52338.0
DE,TOTAL,KM50-149,MIO_TKM,2000,52553.0
DE,TOTAL,KM50-149,MIO_TKM,2001,52145.0
DE,TOTAL,KM50-149,MIO_TKM,2002,49310.0
DE,TOTAL,KM50-149,MIO_TKM,2003,50449.0
DE,TOTAL,KM50-149,MIO_TKM,2004,52143.0
DE,TOTAL,KM50-149,MIO_TKM,2005,53837.0
DE,TOTAL,KM50-149,MIO_TKM,2006,56539.0
DE,TOTAL,KM50-149,MIO_TKM,2007,59064.0
DE,TOTAL,KM50-149,MIO_TKM,2008,54227.0
DE,TOTAL,KM50-149,MIO_TKM,2009,51387.0
DE,TOTAL,KM50-149,MIO_TKM,2010,52626.0
DE,TOTAL,KM50-149,MIO_TKM,2011,56847.0
DE,TOTAL,KM50-149,MIO_TKM,2012,55161.0
DE,TOTAL,KM50-149,MIO_TKM,2013,56489.0
DE,TOTAL,KM50-149,MIO_TKM,2014,59846.0
DE,TOTAL,KM50-149,MIO_TKM,2015,61209.0
DE,TOTAL,KM50-149,MIO_TKM,2016,62483.0
DE,TOTAL,KM50-149,MIO_TKM,2017,64044.0
DE,TOTAL,KM50-149,MIO_TKM,2018,64709.0
DE,TOTAL,KM50-149,MIO_TKM,2019,65654.0
DE,TOTAL,KM50-149,MIO_TKM,2020,64333.0
DE,TOTAL,KM50-149,MIO_TKM,2021,64436.0
DE,TOTAL,KM50-149,MIO_TKM,2022,64077.0
DE,TOTAL,KM50-149,MIO_TKM,2023,60923.0
DE,TOTAL,KM50-149,MIO_TKM,2024,60403.0
DE,TOTAL,KM500-999,MIO_TKM,1999,56912.0
DE,TOTAL,KM500-999,MIO_TKM,2000,57922.0
DE,TOTAL,KM500-999,MIO_TKM,2001,62201.0
DE,TOTAL,KM500-999,MIO_TKM,2002,62368.0
DE,TOTAL,KM500-999,MIO_TKM,2003,65235.0
DE,TOTAL,KM500-999,MIO_TKM,2004,69011.0
DE,TOTAL,KM500-999,MIO_TKM,2005,69857.0
DE,TOTAL,KM500-999,MIO_TKM,2006,74510.0
DE,TOTAL,KM500-999,MIO_TKM,2007,77806.0
DE,TOTAL,KM500-999,MIO_TKM,2008,82180.0
DE,TOTAL,KM500-999,MIO_TKM,2009,70694.0
DE,TOTAL,KM500-999,MIO_TKM,2010,70541.0
DE,TOTAL,KM500-999,MIO_TKM,2011,70871.0
DE,TOTAL,KM500-999,MIO_TKM,2012,65270.0
DE,TOTAL,KM500-999,MIO_TKM,2013,62208.0
DE,TOTAL,KM500-999,MIO_TKM,2014,60024.0
DE,TOTAL,KM500-999,MIO_TKM,2015,59662.0
DE,TOTAL,KM500-999,MIO_TKM,2016,58123.0
DE,TOTAL,KM500-999,MIO_TKM,2017,55153.0
DE,TOTAL,KM500-999,MIO_TKM,2018,54048.0
DE,TOTAL,KM500-999,MIO_TKM,2019,52315.0
DE,TOTAL,KM500-999,MIO_TKM,2020,50371.0
DE,TOTAL,KM500-999,MIO_TKM,2021,49584.0
DE,TOTAL,KM500-999,MIO_TKM,2022,50294.0
DE,TOTAL,KM500-999,MIO_TKM,2023,46103.0
DE,TOTAL,KM500-999,MIO_TKM,2024,44677.0
DE,TOTAL,KM_GE6000,MIO_TKM,2016,36.0
DE,TOTAL,KM_GE6000,MIO_TKM,2021,50.0
DE,TOTAL,KM_LT50,MIO_TKM,1999,32451.0
DE,TOTAL,KM_LT50,MIO_TKM,2000,30654.0
DE,TOTAL,KM_LT50,MIO_TKM,2001,29565.0
DE,TOTAL,KM_LT50,MIO_TKM,2002,27170.0
DE,TOTAL,KM_LT50,MIO_TKM,2003,26911.0
DE,TOTAL,KM_LT50,MIO_TKM,2004,27469.0
DE,TOTAL,KM_LT50,MIO_TKM,2005,27162.0
DE,TOTAL,KM_LT50,MIO_TKM,2006,28807.0
DE,TOTAL,KM_LT50,MIO_TKM,2007,29579.0
DE,TOTAL,KM_LT50,MIO_TKM,2008,28027.0
DE,TOTAL,KM_LT50,MIO_TKM,2009,25650.0
DE,TOTAL,KM_LT50,MIO_TKM,2010,25277.0
DE,TOTAL,KM_LT50,MIO_TKM,2011,28091.0
DE,TOTAL,KM_LT50,MIO_TKM,2012,27461.0
DE,TOTAL,KM_LT50,MIO_TKM,2013,28298.0
DE,TOTAL,KM_LT50,MIO_TKM,2014,30086.0
DE,TOTAL,KM_LT50,MIO_TKM,2015,29538.0
DE,TOTAL,KM_LT50,MIO_TKM,2016,31035.0
DE,TOTAL,KM_LT50,MIO_TKM,2017,31737.0
DE,TOTAL,KM_LT50,MIO_TKM,2018,32069.0
DE,TOTAL,KM_LT50,MIO_TKM,2019,32431.0
DE,TOTAL,KM_LT50,MIO_TKM,2020,31520.0
DE,TOTAL,KM_LT50,MIO_TKM,2021,31624.0
DE,TOTAL,KM_LT50,MIO_TKM,2022,30836.0
DE,TOTAL,KM_LT50,MIO_TKM,2023,28770.0
DE,TOTAL,KM_LT50,MIO_TKM,2024,27729.0
DE,TOTAL,TOTAL,MIO_TKM,1999,269096.0
DE,TOTAL,TOTAL,MIO_TKM,2000,271023.0
DE,TOTAL,TOTAL,MIO_TKM,2001,278828.0
DE,TOTAL,TOTAL,MIO_TKM,2002,275443.0
DE,TOTAL,TOTAL,MIO_TKM,2003,281541.0
DE,TOTAL,TOTAL,MIO_TKM,2004,295429.0
DE,TOTAL,TOTAL,MIO_TKM,2005,301743.0
DE,TOTAL,TOTAL,MIO_TKM,2006,321434.0
DE,TOTAL,TOTAL,MIO_TKM,2007,335056.0
DE,TOTAL,TOTAL,MIO_TKM,2008,332741.0
DE,TOTAL,TOTAL,MIO_TKM,2009,299030.0
DE,TOTAL,TOTAL,MIO_TKM,2010,304128.0
DE,TOTAL,TOTAL,MIO_TKM,2011,315026.0
DE,TOTAL,TOTAL,MIO_TKM,2012,297575.0
DE,TOTAL,TOTAL,MIO_TKM,2013,295638.0
DE,TOTAL,TOTAL,MIO_TKM,2014,300771.0
DE,TOTAL,TOTAL,MIO_TKM,2015,305070.0
DE,TOTAL,TOTAL,MIO_TKM,2016,305928.0
DE,TOTAL,TOTAL,MIO_TKM,2017,303209.0
DE,TOTAL,TOTAL,MIO_TKM,2018,306360.0
DE,TOTAL,TOTAL,MIO_TKM,2019,300801.0
DE,TOTAL,TOTAL,MIO_TKM,2020,293540.0
DE,TOTAL,TOTAL,MIO_TKM,2021,296136.0
DE,TOTAL,TOTAL,MIO_TKM,2022,293345.0
DE,TOTAL,TOTAL,MIO_TKM,2023,275931.0
DE,TOTAL,TOTAL,MIO_TKM,2024,270325.0
DE,HIRE,KM1000-1999,MIO_VKM,1999,1263.0
DE,HIRE,KM1000-1999,MIO_VKM,2000,1213.0
DE,HIRE,KM1000-1999,MIO_VKM,2001,1184.0
DE,HIRE,KM1000-1999,MIO_VKM,2002,1241.0
DE,HIRE,KM1000-1999,MIO_VKM,2003,1112.0
DE,HIRE,KM1000-1999,MIO_VKM,2004,1271.0
DE,HIRE,KM1000-1999,MIO_VKM,2005,1264.0
DE,HIRE,KM1000-1999,MIO_VKM,2006,1309.0
DE,HIRE,KM1000-1999,MIO_VKM,2007,1316.0
DE,HIRE,KM1000-1999,MIO_VKM,2008,1245.0
DE,HIRE,KM1000-1999,MIO_VKM,2009,1008.0
DE,HIRE,KM1000-1999,MIO_VKM,2010,895.0
DE,HIRE,KM1000-1999,MIO_VKM,2011,873.0
DE,HIRE,KM1000-1999,MIO_VKM,2012,751.0
DE,HIRE,KM1000-1999,MIO_VKM,2013,681.0
DE,HIRE,KM1000-1999,MIO_VKM,2014,647.0
DE,HIRE,KM1000-1999,MIO_VKM,2015,603.0
DE,HIRE,KM1000-1999,MIO_VKM,2016,607.0
DE,HIRE,KM1000-1999,MIO_VKM,2017,535.0
DE,HIRE,KM1000-1999,MIO_VKM,2018,528.0
DE,HIRE,KM1000-1999,MIO_VKM,2019,493.0
DE,HIRE,KM1000-1999,MIO_VKM,2020,453.0
DE,HIRE,KM1000-1999,MIO_VKM,2021,458.0
DE,HIRE,KM1000-1999,MIO_VKM,2022,502.0
DE,HIRE,KM1000-1999,MIO_VKM,2023,476.0
DE,HIRE,KM1000-1999,MIO_VKM,2024,441.0
DE,HIRE,KM150-299,MIO_VKM,1999,2842.0
DE,HIRE,KM150-299,MIO_VKM,2000,2916.0
DE,HIRE,KM150-299,MIO_VKM,2001,3044.0
DE,HIRE,KM150-299,MIO_VKM,2002,3114.0
DE,HIRE,KM150-299,MIO_VKM,2003,3335.0
DE,HIRE,KM150-299,MIO_VKM,2004,3506.0
DE,HIRE,KM150-299,MIO_VKM,2005,3742.0
DE,HIRE,KM150-299,MIO_VKM,2006,3902.0
DE,HIRE,KM150-299,MIO_VKM,2007,4252.0
DE,HIRE,KM150-299,MIO_VKM,2008,4323.0
DE,HIRE,KM150-299,MIO_VKM,2009,4117.0
DE,HIRE,KM150-299,MIO_VKM,2010,4486.0
DE,HIRE,KM150-299,MIO_VKM,2011,4684.0
DE,HIRE,KM150-299,MIO_VKM,2012,4555.0
DE,HIRE,KM150-299,MIO_VKM,2013,4652.0
DE,HIRE,KM150-299,MIO_VKM,2014,4750.0
DE,HIRE,KM150-299,MIO_VKM,2015,5026.0
DE,HIRE,KM150-299,MIO_VKM,2016,5108.0
DE,HIRE,KM150-299,MIO_VKM,2017,5141.0
DE,HIRE,KM150-299,MIO_VKM,2018,5287.0
DE,HIRE,KM150-299,MIO_VKM,2019,5224.0
DE,HIRE,KM150-299,MIO_VKM,2020,5157.0
DE,HIRE,KM150-299,MIO_VKM,2021,5290.0
DE,HIRE,KM150-299,MIO_VKM,2022,6301.0
DE,HIRE,KM150-299,MIO_VKM,2023,6137.0
DE,HIRE,KM150-299,MIO_VKM,2024,5957.0
DE,HIRE,KM2000-5999,MIO_VKM,1999,233.0
DE,HIRE,KM2000-5999,MIO_VKM,2000,247.0
DE,HIRE,KM2000-5999,MIO_VKM,2001,226.0
DE,HIRE,KM2000-5999,MIO_VKM,2002,230.0
DE,HIRE,KM2000-5999,MIO_VKM,2003,226.0
DE,HIRE,KM2000-5999,MIO_VKM,2004,208.0
DE,HIRE,KM2000-5999,MIO_VKM,2005,201.0
DE,HIRE,KM2000-5999,MIO_VKM,2006,233.0
DE,HIRE,KM2000-5999,MIO_VKM,2007,240.0
DE,HIRE,KM2000-5999,MIO_VKM,2008,178.0
DE,HIRE,KM2000-5999,MIO_VKM,2009,154.0
DE,HIRE,KM2000-5999,MIO_VKM,2010,165.0
DE,HIRE,KM2000-5999,MIO_VKM,2011,171.0
DE,HIRE,KM2000-5999,MIO_VKM,2012,130.0
DE,HIRE,KM2000-5999,MIO_VKM,2013,112.0
DE,HIRE,KM2000-5999,MIO_VKM,2014,121.0
DE,HIRE,KM2000-5999,MIO_VKM,2015,87.0
DE,HIRE,KM2000-5999,MIO_VKM,2016,69.0
DE,HIRE,KM2000-5999,MIO_VKM,2017,64.0
DE,HIRE,KM2000-5999,MIO_VKM,2018,69.0
DE,HIRE,KM2000-5999,MIO_VKM,2019,64.0
DE,HIRE,KM2000-5999,MIO_VKM,2020,49.0
DE,HIRE,KM2000-5999,MIO_VKM,2021,57.0
DE,HIRE,KM2000-5999,MIO_VKM,2022,74.0
DE,HIRE,KM2000-5999,MIO_VKM,2023,68.0
DE,HIRE,KM2000-5999,MIO_VKM,2024,64.0
DE,HIRE,KM300-499,MIO_VKM,1999,3130.0
DE,HIRE,KM300-499,MIO_VKM,2000,3236.0
DE,HIRE,KM300-499,MIO_VKM,2001,3450.0
DE,HIRE,KM300-499,MIO_VKM,2002,3455.0
DE,HIRE,KM300-499,MIO_VKM,2003,3633.0
DE,HIRE,KM300-499,MIO_VKM,2004,3834.0
DE,HIRE,KM300-499,MIO_VKM,2005,4005.0
DE,HIRE,KM300-499,MIO_VKM,2006,4247.0
DE,HIRE,KM300-499,MIO_VKM,2007,4546.0
DE,HIRE,KM300-499,MIO_VKM,2008,4560.0
DE,HIRE,KM300-499,MIO_VKM,2009,4125.0
DE,HIRE,KM300-499,MIO_VKM,2010,4441.0
DE,HIRE,KM300-499,MIO_VKM,2011,4534.0
DE,HIRE,KM300-499,MIO_VKM,2012,4257.0
DE,HIRE,KM300-499,MIO_VKM,2013,4222.0
DE,HIRE,KM300-499,MIO_VKM,2014,4270.0
DE,HIRE,KM300-499,MIO_VKM,2015,4365.0
DE,HIRE,KM300-499,MIO_VKM,2016,4369.0
DE,HIRE,KM300-499,MIO_VKM,2017,4275.0
DE,HIRE,KM300-499,MIO_VKM,2018,4370.0
DE,HIRE,KM300-499,MIO_VKM,2019,4192.0
DE,HIRE,KM300-499,MIO_VKM,2020,4074.0
DE,HIRE,KM300-499,MIO_VKM,2021,4152.0
DE,HIRE,KM300-499,MIO_VKM,2022,4428.0
DE,HIRE,KM300-499,MIO_VKM,2023,4209.0
DE,HIRE,KM300-499,MIO_VKM,2024,4074.0
DE,HIRE,KM50-149,MIO_VKM,1999,1870.0
DE,HIRE,KM50-149,MIO_VKM,2000,1978.0
DE,HIRE,KM50-149,MIO_VKM,2001,2001.0
DE,HIRE,KM50-149,MIO_VKM,2002,1926.0
DE,HIRE,KM50-149,MIO_VKM,2003,2069.0
DE,HIRE,KM50-149,MIO_VKM,2004,2236.0
DE,HIRE,KM50-149,MIO_VKM,2005,2394.0
DE,HIRE,KM50-149,MIO_VKM,2006,2555.0
DE,HIRE,KM50-149,MIO_VKM,2007,2726.0
DE,HIRE,KM50-149,MIO_VKM,2008,2775.0
DE,HIRE,KM50-149,MIO_VKM,2009,2664.0
DE,HIRE,KM50-149,MIO_VKM,2010,3063.0
DE,HIRE,KM50-149,MIO_VKM,2011,3334.0
DE,HIRE,KM50-149,MIO_VKM,2012,3370.0
DE,HIRE,KM50-149,MIO_VKM,2013,3505.0
DE,HIRE,KM50-149,MIO_VKM,2014,3735.0
DE,HIRE,KM50-149,MIO_VKM,2015,3875.0
DE,HIRE,KM50-149,MIO_VKM,2016,3927.0
DE,HIRE,KM50-149,MIO_VKM,2017,4064.0
DE,HIRE,KM50-149,MIO_VKM,2018,4156.0
DE,HIRE,KM50-149,MIO_VKM,2019,4236.0
DE,HIRE,KM50-149,MIO_VKM,2020,4143.0
DE,HIRE,KM50-149,MIO_VKM,2021,4177.0
DE,HIRE,KM50-149,MIO_VKM,2022,6330.0
DE,HIRE,KM50-149,MIO_VKM,2023,6158.0
DE,HIRE,KM50-149,MIO_VKM,2024,6083.0
DE,HIRE,KM500-999,MIO_VKM,1999,3780.0
DE,HIRE,KM500-999,MIO_VKM,2000,4012.0
DE,HIRE,KM500-999,MIO_VKM,2001,4258.0
DE,HIRE,KM500-999,MIO_VKM,2002,4335.0
DE,HIRE,KM500-999,MIO_VKM,2003,4439.0
DE,HIRE,KM500-999,MIO_VKM,2004,4710.0
DE,HIRE,KM500-999,MIO_VKM,2005,4717.0
DE,HIRE,KM500-999,MIO_VKM,2006,4929.0
DE,HIRE,KM500-999,MIO_VKM,2007,5151.0
DE,HIRE,KM500-999,MIO_VKM,2008,5079.0
DE,HIRE,KM500-999,MIO_VKM,2009,4420.0
DE,HIRE,KM500-999,MIO_VKM,2010,4463.0
DE,HIRE,KM500-999,MIO_VKM,2011,4473.0
DE,HIRE,KM500-999,MIO_VKM,2012,4147.0
DE,HIRE,KM500-999,MIO_VKM,2013,3966.0
DE,HIRE,KM500-999,MIO_VKM,2014,3780.0
DE,HIRE,KM500-999,MIO_VKM,2015,3817.0
DE,HIRE,KM500-999,MIO_VKM,2016,3735.0
DE,HIRE,KM500-999,MIO_VKM,2017,3585.0
DE,HIRE,KM500-999,MIO_VKM,2018,3522.0
DE,HIRE,KM500-999,MIO_VKM,2019,3404.0
DE,HIRE,KM500-999,MIO_VKM,2020,3276.0
DE,HIRE,KM500-999,MIO_VKM,2021,3207.0
DE,HIRE,KM500-999,MIO_VKM,2022,3453.0
DE,HIRE,KM500-999,MIO_VKM,2023,3157.0
DE,HIRE,KM500-999,MIO_VKM,2024,3085.0
DE,HIRE,KM_GE6000,MIO_VKM,1999,5.0
DE,HIRE,KM_GE6000,MIO_VKM,2011,1.0
DE,HIRE,KM_LT50,MIO_VKM,1999,933.0
DE,HIRE,KM_LT50,MIO_VKM,2000,928.0
DE,HIRE,KM_LT50,MIO_VKM,2001,855.0
DE,HIRE,KM_LT50,MIO_VKM,2002,815.0
DE,HIRE,KM_LT50,MIO_VKM,2003,831.0
DE,HIRE,KM_LT50,MIO_VKM,2004,876.0
DE,HIRE,KM_LT50,MIO_VKM,2005,918.0
DE,HIRE,KM_LT50,MIO_VKM,2006,977.0
DE,HIRE,KM_LT50,MIO_VKM,2007,1084.0
DE,HIRE,KM_LT50,MIO_VKM,2008,1105.0
DE,HIRE,KM_LT50,MIO_VKM,2009,1027.0
DE,HIRE,KM_LT50,MIO_VKM,2010,1303.0
DE,HIRE,KM_LT50,MIO_VKM,2011,1466.0
DE,HIRE,KM_LT50,MIO_VKM,2012,1468.0
DE,HIRE,KM_LT50,MIO_VKM,2013,1550.0
DE,HIRE,KM_LT50,MIO_VKM,2014,1673.0
DE,HIRE,KM_LT50,MIO_VKM,2015,1689.0
DE,HIRE,KM_LT50,MIO_VKM,2016,1758.0
DE,HIRE,KM_LT50,MIO_VKM,2017,1840.0
DE,HIRE,KM_LT50,MIO_VKM,2018,1870.0
DE,HIRE,KM_LT50,MIO_VKM,2019,1900.0
DE,HIRE,KM_LT50,MIO_VKM,2020,1864.0
DE,HIRE,KM_LT50,MIO_VKM,2021,1872.0
DE,HIRE,KM_LT50,MIO_VKM,2022,3283.0
DE,HIRE,KM_LT50,MIO_VKM,2023,3103.0
DE,HIRE,KM_LT50,MIO_VKM,2024,3045.0
DE,HIRE,TOTAL,MIO_VKM,1999,14056.0
DE,HIRE,TOTAL,MIO_VKM,2000,14529.0
DE,HIRE,TOTAL,MIO_VKM,2001,15019.0
DE,HIRE,TOTAL,MIO_VKM,2002,15115.0
DE,HIRE,TOTAL,MIO_VKM,2003,15646.0
DE,HIRE,TOTAL,MIO_VKM,2004,16640.0
DE,HIRE,TOTAL,MIO_VKM,2005,17242.0
DE,HIRE,TOTAL,MIO_VKM,2006,18151.0
DE,HIRE,TOTAL,MIO_VKM,2007,19315.0
DE,HIRE,TOTAL,MIO_VKM,2008,19264.0
DE,HIRE,TOTAL,MIO_VKM,2009,17517.0
DE,HIRE,TOTAL,MIO_VKM,2010,18818.0
DE,HIRE,TOTAL,MIO_VKM,2011,19537.0
DE,HIRE,TOTAL,MIO_VKM,2012,18684.0
DE,HIRE,TOTAL,MIO_VKM,2013,18688.0
DE,HIRE,TOTAL,MIO_VKM,2014,18978.0
DE,HIRE,TOTAL,MIO_VKM,2015,19463.0
DE,HIRE,TOTAL,MIO_VKM,2016,19575.0
DE,HIRE,TOTAL,MIO_VKM,2017,19504.0
DE,HIRE,TOTAL,MIO_VKM,2018,19803.0
DE,HIRE,TOTAL,MIO_VKM,2019,19513.0
DE,HIRE,TOTAL,MIO_VKM,2020,19017.0
DE,HIRE,TOTAL,MIO_VKM,2021,19215.0
DE,HIRE,TOTAL,MIO_VKM,2022,24371.0
DE,HIRE,TOTAL,MIO_VKM,2023,23310.0
DE,HIRE,TOTAL,MIO_VKM,2024,22749.0
DE,OWN,KM1000-1999,MIO_VKM,1999,215.0
DE,OWN,KM1000-1999,MIO_VKM,2000,191.0
DE,OWN,KM1000-1999,MIO_VKM,2001,221.0
DE,OWN,KM1000-1999,MIO_VKM,2002,188.0
DE,OWN,KM1000-1999,MIO_VKM,2003,155.0
DE,OWN,KM1000-1999,MIO_VKM,2004,142.0
DE,OWN,KM1000-1999,MIO_VKM,2005,156.0
DE,OWN,KM1000-1999,MIO_VKM,2006,140.0
DE,OWN,KM1000-1999,MIO_VKM,2007,145.0
DE,OWN,KM1000-1999,MIO_VKM,2008,135.0
DE,OWN,KM1000-1999,MIO_VKM,2009,130.0
DE,OWN,KM1000-1999,MIO_VKM,2010,101.0
DE,OWN,KM1000-1999,MIO_VKM,2011,96.0
DE,OWN,KM1000-1999,MIO_VKM,2012,84.0
DE,OWN,KM1000-1999,MIO_VKM,2013,89.0
DE,OWN,KM1000-1999,MIO_VKM,2014,79.0
DE,OWN,KM1000-1999,MIO_VKM,2015,83.0
DE,OWN,KM1000-1999,MIO_VKM,2016,82.0
DE,OWN,KM1000-1999,MIO_VKM,2017,74.0
DE,OWN,KM1000-1999,MIO_VKM,2018,72.0
DE,OWN,KM1000-1999,MIO_VKM,2019,82.0
DE,OWN,KM1000-1999,MIO_VKM,2020,64.0
DE,OWN,KM1000-1999,MIO_VKM,2021,64.0
DE,OWN,KM1000-1999,MIO_VKM,2022,75.0
DE,OWN,KM1000-1999,MIO_VKM,2023,69.0
DE,OWN,KM1000-1999,MIO_VKM,2024,74.0
DE,OWN,KM150-299,MIO_VKM,1999,1670.0
DE,OWN,KM150-299,MIO_VKM,2000,1674.0
DE,OWN,KM150-299,MIO_VKM,2001,1723.0
DE,OWN,KM150-299,MIO_VKM,2002,1599.0
DE,OWN,KM150-299,MIO_VKM,2003,1539.0
DE,OWN,KM150-299,MIO_VKM,2004,1547.0
DE,OWN,KM150-299,MIO_VKM,2005,1486.0
DE,OWN,KM150-299,MIO_VKM,2006,1521.0
DE,OWN,KM150-299,MIO_VKM,2007,1501.0
DE,OWN,KM150-299,MIO_VKM,2008,1585.0
DE,OWN,KM150-299,MIO_VKM,2009,1516.0
DE,OWN,KM150-299,MIO_VKM,2010,1240.0
DE,OWN,KM150-299,MIO_VKM,2011,1257.0
DE,OWN,KM150-299,MIO_VKM,2012,1156.0
DE,OWN,KM150-299,MIO_VKM,2013,1106.0
DE,OWN,KM150-299,MIO_VKM,2014,1114.0
DE,OWN,KM150-299,MIO_VKM,2015,1099.0
DE,OWN,KM150-299,MIO_VKM,2016,1083.0
DE,OWN,KM150-299,MIO_VKM,2017,1066.0
DE,OWN,KM150-299,MIO_VKM,2018,1054.0
DE,OWN,KM150-299,MIO_VKM,2019,1076.0
DE,OWN,KM150-299,MIO_VKM,2020,1044.0
DE,OWN,KM150-299,MIO_VKM,2021,999.0
DE,OWN,KM150-299,MIO_VKM,2022,1196.0
DE,OWN,KM150-299,MIO_VKM,2023,1175.0
DE,OWN,KM150-299,MIO_VKM,2024,1157.0
DE,OWN,KM2000-5999,MIO_VKM,1999,21.0
DE,OWN,KM2000-5999,MIO_VKM,2000,19.0
DE,OWN,KM2000-5999,MIO_VKM,2001,23.0
DE,OWN,KM2000-5999,MIO_VKM,2002,14.0
DE,OWN,KM2000-5999,MIO_VKM,2003,14.0
DE,OWN,KM2000-5999,MIO_VKM,2004,18.0
DE,OWN,KM2000-5999,MIO_VKM,2005,17.0
DE,OWN,KM2000-5999,MIO_VKM,2006,13.0
DE,OWN,KM2000-5999,MIO_VKM,2007,17.0
DE,OWN,KM2000-5999,MIO_VKM,2008,16.0
DE,OWN,KM2000-5999,MIO_VKM,2009,9.0
DE,OWN,KM2000-5999,MIO_VKM,2010,7.0
DE,OWN,KM2000-5999,MIO_VKM,2011,7.0
DE,OWN,KM300-499,MIO_VKM,1999,964.0
DE,OWN,KM300-499,MIO_VKM,2000,933.0
DE,OWN,KM300-499,MIO_VKM,2001,972.0
DE,OWN,KM300-499,MIO_VKM,2002,928.0
DE,OWN,KM300-499,MIO_VKM,2003,834.0
DE,OWN,KM300-499,MIO_VKM,2004,845.0
DE,OWN,KM300-499,MIO_VKM,2005,785.0
DE,OWN,KM300-499,MIO_VKM,2006,831.0
DE,OWN,KM300-499,MIO_VKM,2007,809.0
DE,OWN,KM300-499,MIO_VKM,2008,846.0
DE,OWN,KM300-499,MIO_VKM,2009,763.0
DE,OWN,KM300-499,MIO_VKM,2010,642.0
DE,OWN,KM300-499,MIO_VKM,2011,624.0
DE,OWN,KM300-499,MIO_VKM,2012,566.0
DE,OWN,KM300-499,MIO_VKM,2013,534.0
DE,OWN,KM300-499,MIO_VKM,2014,554.0
DE,OWN,KM300-499,MIO_VKM,2015,499.0
DE,OWN,KM300-499,MIO_VKM,2016,509.0
DE,OWN,KM300-499,MIO_VKM,2017,482.0
DE,OWN,KM300-499,MIO_VKM,2018,465.0
DE,OWN,KM300-499,MIO_VKM,2019,444.0
DE,OWN,KM300-499,MIO_VKM,2020,447.0
DE,OWN,KM300-499,MIO_VKM,2021,432.0
DE,OWN,KM300-499,MIO_VKM,2022,491.0
DE,OWN,KM300-499,MIO_VKM,2023,462.0
DE,OWN,KM300-499,MIO_VKM,2024,467.0
DE,OWN,KM50-149,MIO_VKM,1999,2008.0
DE,OWN,KM50-149,MIO_VKM,2000,1956.0
DE,OWN,KM50-149,MIO_VKM,2001,1926.0
DE,OWN,KM50-149,MIO_VKM,2002,1774.0
DE,OWN,KM50-149,MIO_VKM,2003,1726.0
DE,OWN,KM50-149,MIO_VKM,2004,1702.0
DE,OWN,KM50-149,MIO_VKM,2005,1657.0
DE,OWN,KM50-149,MIO_VKM,2006,1724.0
DE,OWN,KM50-149,MIO_VKM,2007,1686.0
DE,OWN,KM50-149,MIO_VKM,2008,1740.0
DE,OWN,KM50-149,MIO_VKM,2009,1643.0
DE,OWN,KM50-149,MIO_VKM,2010,1322.0
DE,OWN,KM50-149,MIO_VKM,2011,1339.0
DE,OWN,KM50-149,MIO_VKM,2012,1319.0
DE,OWN,KM50-149,MIO_VKM,2013,1314.0
DE,OWN,KM50-149,MIO_VKM,2014,1344.0
DE,OWN,KM50-149,MIO_VKM,2015,1339.0
DE,OWN,KM50-149,MIO_VKM,2016,1303.0
DE,OWN,KM50-149,MIO_VKM,2017,1293.0
DE,OWN,KM50-149,MIO_VKM,2018,1277.0
DE,OWN,KM50-149,MIO_VKM,2019,1298.0
DE,OWN,KM50-149,MIO_VKM,2020,1232.0
DE,OWN,KM50-149,MIO_VKM,2021,1205.0
DE,OWN,KM50-149,MIO_VKM,2022,1662.0
DE,OWN,KM50-149,MIO_VKM,2023,1597.0
DE,OWN,KM50-149,MIO_VKM,2024,1578.0
DE,OWN,KM500-999,MIO_VKM,1999,691.0
DE,OWN,KM500-999,MIO_VKM,2000,721.0
DE,OWN,KM500-999,MIO_VKM,2001,733.0
DE,OWN,KM500-999,MIO_VKM,2002,660.0
DE,OWN,KM500-999,MIO_VKM,2003,529.0
DE,OWN,KM500-999,MIO_VKM,2004,562.0
DE,OWN,KM500-999,MIO_VKM,2005,545.0
DE,OWN,KM500-999,MIO_VKM,2006,593.0
DE,OWN,KM500-999,MIO_VKM,2007,543.0
DE,OWN,KM500-999,MIO_VKM,2008,550.0
DE,OWN,KM500-999,MIO_VKM,2009,485.0
DE,OWN,KM500-999,MIO_VKM,2010,400.0
DE,OWN,KM500-999,MIO_VKM,2011,398.0
DE,OWN,KM500-999,MIO_VKM,2012,381.0
DE,OWN,KM500-999,MIO_VKM,2013,384.0
DE,OWN,KM500-999,MIO_VKM,2014,368.0
DE,OWN,KM500-999,MIO_VKM,2015,343.0
DE,OWN,KM500-999,MIO_VKM,2016,316.0
DE,OWN,KM500-999,MIO_VKM,2017,298.0
DE,OWN,KM500-999,MIO_VKM,2018,313.0
DE,OWN,KM500-999,MIO_VKM,2019,276.0
DE,OWN,KM500-999,MIO_VKM,2020,290.0
DE,OWN,KM500-999,MIO_VKM,2021,261.0
DE,OWN,KM500-999,MIO_VKM,2022,292.0
DE,OWN,KM500-999,MIO_VKM,2023,295.0
DE,OWN,KM500-999,MIO_VKM,2024,269.0
DE,OWN,KM_GE6000,MIO_VKM,1999,11.0
DE,OWN,KM_LT50,MIO_VKM,1999,1648.0
DE,OWN,KM_LT50,MIO_VKM,2000,1537.0
DE,OWN,KM_LT50,MIO_VKM,2001,1492.0
DE,OWN,KM_LT50,MIO_VKM,2002,1306.0
DE,OWN,KM_LT50,MIO_VKM,2003,1264.0
DE,OWN,KM_LT50,MIO_VKM,2004,1244.0
DE,OWN,KM_LT50,MIO_VKM,2005,1171.0
DE,OWN,KM_LT50,MIO_VKM,2006,1252.0
DE,OWN,KM_LT50,MIO_VKM,2007,1213.0
DE,OWN,KM_LT50,MIO_VKM,2008,1269.0
DE,OWN,KM_LT50,MIO_VKM,2009,1133.0
DE,OWN,KM_LT50,MIO_VKM,2010,828.0
DE,OWN,KM_LT50,MIO_VKM,2011,876.0
DE,OWN,KM_LT50,MIO_VKM,2012,833.0
DE,OWN,KM_LT50,MIO_VKM,2013,848.0
DE,OWN,KM_LT50,MIO_VKM,2014,889.0
DE,OWN,KM_LT50,MIO_VKM,2015,871.0
DE,OWN,KM_LT50,MIO_VKM,2016,861.0
DE,OWN,KM_LT50,MIO_VKM,2017,840.0
DE,OWN,KM_LT50,MIO_VKM,2018,832.0
DE,OWN,KM_LT50,MIO_VKM,2019,829.0
DE,OWN,KM_LT50,MIO_VKM,2020,817.0
DE,OWN,KM_LT50,MIO_VKM,2021,790.0
DE,OWN,KM_LT50,MIO_VKM,2022,1251.0
DE,OWN,KM_LT50,MIO_VKM,2023,1161.0
DE,OWN,KM_LT50,MIO_VKM,2024,1123.0
DE,OWN,TOTAL,MIO_VKM,1999,7227.0
DE,OWN,TOTAL,MIO_VKM,2000,7032.0
DE,OWN,TOTAL,MIO_VKM,2001,7090.0
DE,OWN,TOTAL,MIO_VKM,2002,6470.0
DE,OWN,TOTAL,MIO_VKM,2003,6061.0
DE,OWN,TOTAL,MIO_VKM,2004,6061.0
DE,OWN,TOTAL,MIO_VKM,2005,5816.0
DE,OWN,TOTAL,MIO_VKM,2006,6074.0
DE,OWN,TOTAL,MIO_VKM,2007,5914.0
DE,OWN,TOTAL,MIO_VKM,2008,6141.0
DE,OWN,TOTAL,MIO_VKM,2009,5678.0
DE,OWN,TOTAL,MIO_VKM,2010,4540.0
DE,OWN,TOTAL,MIO_VKM,2011,4596.0
DE,OWN,TOTAL,MIO_VKM,2012,4340.0
DE,OWN,TOTAL,MIO_VKM,2013,4281.0
DE,OWN,TOTAL,MIO_VKM,2014,4352.0
DE,OWN,TOTAL,MIO_VKM,2015,4238.0
DE,OWN,TOTAL,MIO_VKM,2016,4157.0
DE,OWN,TOTAL,MIO_VKM,2017,4059.0
DE,OWN,TOTAL,MIO_VKM,2018,4019.0
DE,OWN,TOTAL,MIO_VKM,2019,4007.0
DE,OWN,TOTAL,MIO_VKM,2020,3893.0
DE,OWN,TOTAL,MIO_VKM,2021,3757.0
DE,OWN,TOTAL,MIO_VKM,2022,4969.0
DE,OWN,TOTAL,MIO_VKM,2023,4763.0
DE,OWN,TOTAL,MIO_VKM,2024,4672.0
DE,TOTAL,KM1000-1999,MIO_VKM,1999,890.0
DE,TOTAL,KM1000-1999,MIO_VKM,2000,876.0
DE,TOTAL,KM1000-1999,MIO_VKM,2001,906.0
DE,TOTAL,KM1000-1999,MIO_VKM,2002,955.0
DE,TOTAL,KM1000-1999,MIO_VKM,2003,973.0
DE,TOTAL,KM1000-1999,MIO_VKM,2004,1090.0
DE,TOTAL,KM1000-1999,MIO_VKM,2005,1053.0
DE,TOTAL,KM1000-1999,MIO_VKM,2006,1120.0
DE,TOTAL,KM1000-1999,MIO_VKM,2007,1104.0
DE,TOTAL,KM1000-1999,MIO_VKM,2008,1380.0
DE,TOTAL,KM1000-1999,MIO_VKM,2009,1138.0
DE,TOTAL,KM1000-1999,MIO_VKM,2010,996.0
DE,TOTAL,KM1000-1999,MIO_VKM,2011,969.0
DE,TOTAL,KM1000-1999,MIO_VKM,2012,835.0
DE,TOTAL,KM1000-1999,MIO_VKM,2013,771.0
DE,TOTAL,KM1000-1999,MIO_VKM,2014,726.0
DE,TOTAL,KM1000-1999,MIO_VKM,2015,687.0
DE,TOTAL,KM1000-1999,MIO_VKM,2016,689.0
DE,TOTAL,KM1000-1999,MIO_VKM,2017,609.0
DE,TOTAL,KM1000-1999,MIO_VKM,2018,600.0
DE,TOTAL,KM1000-1999,MIO_VKM,2019,575.0
DE,TOTAL,KM1000-1999,MIO_VKM,2020,516.0
DE,TOTAL,KM1000-1999,MIO_VKM,2021,523.0
DE,TOTAL,KM1000-1999,MIO_VKM,2022,578.0
DE,TOTAL,KM1000-1999,MIO_VKM,2023,546.0
DE,TOTAL,KM1000-1999,MIO_VKM,2024,515.0
DE,TOTAL,KM150-299,MIO_VKM,1999,4704.0
DE,TOTAL,KM150-299,MIO_VKM,2000,4828.0
DE,TOTAL,KM150-299,MIO_VKM,2001,4975.0
DE,TOTAL,KM150-299,MIO_VKM,2002,4951.0
DE,TOTAL,KM150-299,MIO_VKM,2003,4976.0
DE,TOTAL,KM150-299,MIO_VKM,2004,5165.0
DE,TOTAL,KM150-299,MIO_VKM,2005,5347.0
DE,TOTAL,KM150-299,MIO_VKM,2006,5525.0
DE,TOTAL,KM150-299,MIO_VKM,2007,5829.0
DE,TOTAL,KM150-299,MIO_VKM,2008,5908.0
DE,TOTAL,KM150-299,MIO_VKM,2009,5633.0
DE,TOTAL,KM150-299,MIO_VKM,2010,5727.0
DE,TOTAL,KM150-299,MIO_VKM,2011,5941.0
DE,TOTAL,KM150-299,MIO_VKM,2012,5711.0
DE,TOTAL,KM150-299,MIO_VKM,2013,5758.0
DE,TOTAL,KM150-299,MIO_VKM,2014,5865.0
DE,TOTAL,KM150-299,MIO_VKM,2015,6125.0
DE,TOTAL,KM150-299,MIO_VKM,2016,6191.0
DE,TOTAL,KM150-299,MIO_VKM,2017,6207.0
DE,TOTAL,KM150-299,MIO_VKM,2018,6341.0
DE,TOTAL,KM150-299,MIO_VKM,2019,6300.0
DE,TOTAL,KM150-299,MIO_VKM,2020,6201.0
DE,TOTAL,KM150-299,MIO_VKM,2021,6289.0
DE,TOTAL,KM150-299,MIO_VKM,2022,7496.0
DE,TOTAL,KM150-299,MIO_VKM,2023,7313.0
DE,TOTAL,KM150-299,MIO_VKM,2024,7113.0
DE,TOTAL,KM2000-5999,MIO_VKM,1999,187.0
DE,TOTAL,KM2000-5999,MIO_VKM,2000,210.0
DE,TOTAL,KM2000-5999,MIO_VKM,2001,204.0
DE,TOTAL,KM2000-5999,MIO_VKM,2002,185.0
DE,TOTAL,KM2000-5999,MIO_VKM,2003,210.0
DE,TOTAL,KM2000-5999,MIO_VKM,2004,191.0
DE,TOTAL,KM2000-5999,MIO_VKM,2005,194.0
DE,TOTAL,KM2000-5999,MIO_VKM,2006,219.0
DE,TOTAL,KM2000-5999,MIO_VKM,2007,216.0
DE,TOTAL,KM2000-5999,MIO_VKM,2008,193.0
DE,TOTAL,KM2000-5999,MIO_VKM,2009,163.0
DE,TOTAL,KM2000-5999,MIO_VKM,2010,173.0
DE,TOTAL,KM2000-5999,MIO_VKM,2011,178.0
DE,TOTAL,KM2000-5999,MIO_VKM,2012,131.0
DE,TOTAL,KM2000-5999,MIO_VKM,2013,117.0
DE,TOTAL,KM2000-5999,MIO_VKM,2014,124.0
DE,TOTAL,KM2000-5999,MIO_VKM,2015,90.0
DE,TOTAL,KM2000-5999,MIO_VKM,2016,72.0
DE,TOTAL,KM2000-5999,MIO_VKM,2017,70.0
DE,TOTAL,KM2000-5999,MIO_VKM,2018,74.0
DE,TOTAL,KM2000-5999,MIO_VKM,2019,66.0
DE,TOTAL,KM2000-5999,MIO_VKM,2020,50.0
DE,TOTAL,KM2000-5999,MIO_VKM,2021,63.0
DE,TOTAL,KM2000-5999,MIO_VKM,2022,76.0
DE,TOTAL,KM2000-5999,MIO_VKM,2023,72.0
DE,TOTAL,KM2000-5999,MIO_VKM,2024,69.0
DE,TOTAL,KM300-499,MIO_VKM,1999,3973.0
DE,TOTAL,KM300-499,MIO_VKM,2000,4077.0
DE,TOTAL,KM300-499,MIO_VKM,2001,4278.0
DE,TOTAL,KM300-499,MIO_VKM,2002,4304.0
DE,TOTAL,KM300-499,MIO_VKM,2003,4278.0
DE,TOTAL,KM300-499,MIO_VKM,2004,4464.0
DE,TOTAL,KM300-499,MIO_VKM,2005,4568.0
DE,TOTAL,KM300-499,MIO_VKM,2006,4863.0
DE,TOTAL,KM300-499,MIO_VKM,2007,5127.0
DE,TOTAL,KM300-499,MIO_VKM,2008,5407.0
DE,TOTAL,KM300-499,MIO_VKM,2009,4888.0
DE,TOTAL,KM300-499,MIO_VKM,2010,5083.0
DE,TOTAL,KM300-499,MIO_VKM,2011,5157.0
DE,TOTAL,KM300-499,MIO_VKM,2012,4824.0
DE,TOTAL,KM300-499,MIO_VKM,2013,4756.0
DE,TOTAL,KM300-499,MIO_VKM,2014,4825.0
DE,TOTAL,KM300-499,MIO_VKM,2015,4864.0
DE,TOTAL,KM300-499,MIO_VKM,2016,4878.0
DE,TOTAL,KM300-499,MIO_VKM,2017,4757.0
DE,TOTAL,KM300-499,MIO_VKM,2018,4836.0
DE,TOTAL,KM300-499,MIO_VKM,2019,4636.0
DE,TOTAL,KM300-499,MIO_VKM,2020,4521.0
DE,TOTAL,KM300-499,MIO_VKM,2021,4584.0
DE,TOTAL,KM300-499,MIO_VKM,2022,4919.0
DE,TOTAL,KM300-499,MIO_VKM,2023,4671.0
DE,TOTAL,KM300-499,MIO_VKM,2024,4541.0
DE,TOTAL,KM50-149,MIO_VKM,1999,4646.0
DE,TOTAL,KM50-149,MIO_VKM,2000,4713.0
DE,TOTAL,KM50-149,MIO_VKM,2001,4731.0
DE,TOTAL,KM50-149,MIO_VKM,2002,4471.0
DE,TOTAL,KM50-149,MIO_VKM,2003,4498.0
DE,TOTAL,KM50-149,MIO_VKM,2004,4714.0
DE,TOTAL,KM50-149,MIO_VKM,2005,4856.0
DE,TOTAL,KM50-149,MIO_VKM,2006,5061.0
DE,TOTAL,KM50-149,MIO_VKM,2007,5211.0
DE,TOTAL,KM50-149,MIO_VKM,2008,4514.0
DE,TOTAL,KM50-149,MIO_VKM,2009,4307.0
DE,TOTAL,KM50-149,MIO_VKM,2010,4385.0
DE,TOTAL,KM50-149,MIO_VKM,2011,4673.0
DE,TOTAL,KM50-149,MIO_VKM,2012,4690.0
DE,TOTAL,KM50-149,MIO_VKM,2013,4819.0
DE,TOTAL,KM50-149,MIO_VKM,2014,5079.0
DE,TOTAL,KM50-149,MIO_VKM,2015,5214.0
DE,TOTAL,KM50-149,MIO_VKM,2016,5229.0
DE,TOTAL,KM50-149,MIO_VKM,2017,5357.0
DE,TOTAL,KM50-149,MIO_VKM,2018,5433.0
DE,TOTAL,KM50-149,MIO_VKM,2019,5534.0
DE,TOTAL,KM50-149,MIO_VKM,2020,5375.0
DE,TOTAL,KM50-149,MIO_VKM,2021,5382.0
DE,TOTAL,KM50-149,MIO_VKM,2022,7992.0
DE,TOTAL,KM50-149,MIO_VKM,2023,7755.0
DE,TOTAL,KM50-149,MIO_VKM,2024,7661.0
DE,TOTAL,KM500-999,MIO_VKM,1999,3846.0
DE,TOTAL,KM500-999,MIO_VKM,2000,3960.0
DE,TOTAL,KM500-999,MIO_VKM,2001,4212.0
DE,TOTAL,KM500-999,MIO_VKM,2002,4166.0
DE,TOTAL,KM500-999,MIO_VKM,2003,4264.0
DE,TOTAL,KM500-999,MIO_VKM,2004,4480.0
DE,TOTAL,KM500-999,MIO_VKM,2005,4460.0
DE,TOTAL,KM500-999,MIO_VKM,2006,4720.0
DE,TOTAL,KM500-999,MIO_VKM,2007,4948.0
DE,TOTAL,KM500-999,MIO_VKM,2008,5629.0
DE,TOTAL,KM500-999,MIO_VKM,2009,4905.0
DE,TOTAL,KM500-999,MIO_VKM,2010,4862.0
DE,TOTAL,KM500-999,MIO_VKM,2011,4871.0
DE,TOTAL,KM500-999,MIO_VKM,2012,4527.0
DE,TOTAL,KM500-999,MIO_VKM,2013,4350.0
DE,TOTAL,KM500-999,MIO_VKM,2014,4148.0
DE,TOTAL,KM500-999,MIO_VKM,2015,4160.0
DE,TOTAL,KM500-999,MIO_VKM,2016,4051.0
DE,TOTAL,KM500-999,MIO_VKM,2017,3883.0
DE,TOTAL,KM500-999,MIO_VKM,2018,3835.0
DE,TOTAL,KM500-999,MIO_VKM,2019,3680.0
DE,TOTAL,KM500-999,MIO_VKM,2020,3566.0
DE,TOTAL,KM500-999,MIO_VKM,2021,3467.0
DE,TOTAL,KM500-999,MIO_VKM,2022,3746.0
DE,TOTAL,KM500-999,MIO_VKM,2023,3452.0
DE,TOTAL,KM500-999,MIO_VKM,2024,3354.0
DE,TOTAL,KM_GE6000,MIO_VKM,2016,2.0
DE,TOTAL,KM_GE6000,MIO_VKM,2021,2.0
DE,TOTAL,KM_LT50,MIO_VKM,1999,3020.0
DE,TOTAL,KM_LT50,MIO_VKM,2000,2896.0
DE,TOTAL,KM_LT50,MIO_VKM,2001,2802.0
DE,TOTAL,KM_LT50,MIO_VKM,2002,2552.0
DE,TOTAL,KM_LT50,MIO_VKM,2003,2508.0
DE,TOTAL,KM_LT50,MIO_VKM,2004,2597.0
DE,TOTAL,KM_LT50,MIO_VKM,2005,2579.0
DE,TOTAL,KM_LT50,MIO_VKM,2006,2717.0
DE,TOTAL,KM_LT50,MIO_VKM,2007,2794.0
DE,TOTAL,KM_LT50,MIO_VKM,2008,2373.0
DE,TOTAL,KM_LT50,MIO_VKM,2009,2160.0
DE,TOTAL,KM_LT50,MIO_VKM,2010,2132.0
DE,TOTAL,KM_LT50,MIO_VKM,2011,2342.0
DE,TOTAL,KM_LT50,MIO_VKM,2012,2301.0
DE,TOTAL,KM_LT50,MIO_VKM,2013,2398.0
DE,TOTAL,KM_LT50,MIO_VKM,2014,2562.0
DE,TOTAL,KM_LT50,MIO_VKM,2015,2560.0
DE,TOTAL,KM_LT50,MIO_VKM,2016,2619.0
DE,TOTAL,KM_LT50,MIO_VKM,2017,2680.0
DE,TOTAL,KM_LT50,MIO_VKM,2018,2703.0
DE,TOTAL,KM_LT50,MIO_VKM,2019,2729.0
DE,TOTAL,KM_LT50,MIO_VKM,2020,2681.0
DE,TOTAL,KM_LT50,MIO_VKM,2021,2663.0
DE,TOTAL,KM_LT50,MIO_VKM,2022,4534.0
DE,TOTAL,KM_LT50,MIO_VKM,2023,4264.0
DE,TOTAL,KM_LT50,MIO_VKM,2024,4168.0
DE,TOTAL,TOTAL,MIO_VKM,1999,21283.0
DE,TOTAL,TOTAL,MIO_VKM,2000,21561.0
DE,TOTAL,TOTAL,MIO_VKM,2001,22109.0
DE,TOTAL,TOTAL,MIO_VKM,2002,21585.0
DE,TOTAL,TOTAL,MIO_VKM,2003,21707.0
DE,TOTAL,TOTAL,MIO_VKM,2004,22701.0
DE,TOTAL,TOTAL,MIO_VKM,2005,23057.0
DE,TOTAL,TOTAL,MIO_VKM,2006,24225.0
DE,TOTAL,TOTAL,MIO_VKM,2007,25229.0
DE,TOTAL,TOTAL,MIO_VKM,2008,25406.0
DE,TOTAL,TOTAL,MIO_VKM,2009,23194.0
DE,TOTAL,TOTAL,MIO_VKM,2010,23358.0
DE,TOTAL,TOTAL,MIO_VKM,2011,24133.0
DE,TOTAL,TOTAL,MIO_VKM,2012,23024.0
DE,TOTAL,TOTAL,MIO_VKM,2013,22969.0
DE,TOTAL,TOTAL,MIO_VKM,2014,23329.0
DE,TOTAL,TOTAL,MIO_VKM,2015,23701.0
DE,TOTAL,TOTAL,MIO_VKM,2016,23732.0
DE,TOTAL,TOTAL,MIO_VKM,2017,23563.0
DE,TOTAL,TOTAL,MIO_VKM,2018,23821.0
DE,TOTAL,TOTAL,MIO_VKM,2019,23520.0
DE,TOTAL,TOTAL,MIO_VKM,2020,22910.0
DE,TOTAL,TOTAL,MIO_VKM,2021,22972.0
DE,TOTAL,TOTAL,MIO_VKM,2022,29340.0
DE,TOTAL,TOTAL,MIO_VKM,2023,28073.0
DE,TOTAL,TOTAL,MIO_VKM,2024,27422.0
DE,HIRE,KM1000-1999,THS_BTO,1999,596.0
DE,HIRE,KM1000-1999,THS_BTO,2000,595.0
DE,HIRE,KM1000-1999,THS_BTO,2001,615.0
DE,HIRE,KM1000-1999,THS_BTO,2002,655.0
DE,HIRE,KM1000-1999,THS_BTO,2003,667.0
DE,HIRE,KM1000-1999,THS_BTO,2004,764.0
DE,HIRE,KM1000-1999,THS_BTO,2005,737.0
DE,HIRE,KM1000-1999,THS_BTO,2006,789.0
DE,HIRE,KM1000-1999,THS_BTO,2007,786.0
DE,HIRE,KM1000-1999,THS_BTO,2008,960.0
DE,HIRE,KM1000-1999,THS_BTO,2009,774.0
DE,HIRE,KM1000-1999,THS_BTO,2010,696.0
DE,HIRE,KM1000-1999,THS_BTO,2011,683.0
DE,HIRE,KM1000-1999,THS_BTO,2012,587.0
DE,HIRE,KM1000-1999,THS_BTO,2013,538.0
DE,HIRE,KM1000-1999,THS_BTO,2014,508.0
DE,HIRE,KM1000-1999,THS_BTO,2015,478.0
DE,HIRE,KM1000-1999,THS_BTO,2016,480.0
DE,HIRE,KM1000-1999,THS_BTO,2017,424.0
DE,HIRE,KM1000-1999,THS_BTO,2018,419.0
DE,HIRE,KM1000-1999,THS_BTO,2019,391.0
DE,HIRE,KM1000-1999,THS_BTO,2020,360.0
DE,HIRE,KM1000-1999,THS_BTO,2021,366.0
DE,HIRE,KM1000-1999,THS_BTO,2022,381.0
DE,HIRE,KM1000-1999,THS_BTO,2023,357.0
DE,HIRE,KM1000-1999,THS_BTO,2024,337.0
DE,HIRE,KM150-299,THS_BTO,1999,12708.0
DE,HIRE,KM150-299,THS_BTO,2000,13171.0
DE,HIRE,KM150-299,THS_BTO,2001,13539.0
DE,HIRE,KM150-299,THS_BTO,2002,13906.0
DE,HIRE,KM150-299,THS_BTO,2003,14741.0
DE,HIRE,KM150-299,THS_BTO,2004,15406.0
DE,HIRE,KM150-299,THS_BTO,2005,16472.0
DE,HIRE,KM150-299,THS_BTO,2006,17260.0
DE,HIRE,KM150-299,THS_BTO,2007,18746.0
DE,HIRE,KM150-299,THS_BTO,2008,19999.0
DE,HIRE,KM150-299,THS_BTO,2009,19022.0
DE,HIRE,KM150-299,THS_BTO,2010,20845.0
DE,HIRE,KM150-299,THS_BTO,2011,21847.0
DE,HIRE,KM150-299,THS_BTO,2012,21339.0
DE,HIRE,KM150-299,THS_BTO,2013,21894.0
DE,HIRE,KM150-299,THS_BTO,2014,22331.0
DE,HIRE,KM150-299,THS_BTO,2015,23611.0
DE,HIRE,KM150-299,THS_BTO,2016,24018.0
DE,HIRE,KM150-299,THS_BTO,2017,24215.0
DE,HIRE,KM150-299,THS_BTO,2018,24922.0
DE,HIRE,KM150-299,THS_BTO,2019,24710.0
DE,HIRE,KM150-299,THS_BTO,2020,24371.0
DE,HIRE,KM150-299,THS_BTO,2021,24952.0
DE,HIRE,KM150-299,THS_BTO,2022,24504.0
DE,HIRE,KM150-299,THS_BTO,2023,23646.0
DE,HIRE,KM150-299,THS_BTO,2024,23171.0
DE,HIRE,KM2000-5999,THS_BTO,1999,70.0
DE,HIRE,KM2000-5999,THS_BTO,2000,79.0
DE,HIRE,KM2000-5999,THS_BTO,2001,77.0
DE,HIRE,KM2000-5999,THS_BTO,2002,74.0
DE,HIRE,KM2000-5999,THS_BTO,2003,81.0
DE,HIRE,KM2000-5999,THS_BTO,2004,73.0
DE,HIRE,KM2000-5999,THS_BTO,2005,77.0
DE,HIRE,KM2000-5999,THS_BTO,2006,87.0
DE,HIRE,KM2000-5999,THS_BTO,2007,88.0
DE,HIRE,KM2000-5999,THS_BTO,2008,74.0
DE,HIRE,KM2000-5999,THS_BTO,2009,66.0
DE,HIRE,KM2000-5999,THS_BTO,2010,70.0
DE,HIRE,KM2000-5999,THS_BTO,2011,71.0
DE,HIRE,KM2000-5999,THS_BTO,2012,53.0
DE,HIRE,KM2000-5999,THS_BTO,2013,46.0
DE,HIRE,KM2000-5999,THS_BTO,2014,49.0
DE,HIRE,KM2000-5999,THS_BTO,2015,35.0
DE,HIRE,KM2000-5999,THS_BTO,2016,28.0
DE,HIRE,KM2000-5999,THS_BTO,2017,27.0
DE,HIRE,KM2000-5999,THS_BTO,2018,28.0
DE,HIRE,KM2000-5999,THS_BTO,2019,27.0
DE,HIRE,KM2000-5999,THS_BTO,2020,20.0
DE,HIRE,KM2000-5999,THS_BTO,2021,25.0
DE,HIRE,KM2000-5999,THS_BTO,2022,32.0
DE,HIRE,KM2000-5999,THS_BTO,2023,29.0
DE,HIRE,KM2000-5999,THS_BTO,2024,28.0
DE,HIRE,KM300-499,THS_BTO,1999,7392.0
DE,HIRE,KM300-499,THS_BTO,2000,7651.0
DE,HIRE,KM300-499,THS_BTO,2001,8078.0
DE,HIRE,KM300-499,THS_BTO,2002,8097.0
DE,HIRE,KM300-499,THS_BTO,2003,8528.0
DE,HIRE,KM300-499,THS_BTO,2004,8925.0
DE,HIRE,KM300-499,THS_BTO,2005,9342.0
DE,HIRE,KM300-499,THS_BTO,2006,10037.0
DE,HIRE,KM300-499,THS_BTO,2007,10788.0
DE,HIRE,KM300-499,THS_BTO,2008,11885.0
DE,HIRE,KM300-499,THS_BTO,2009,10757.0
DE,HIRE,KM300-499,THS_BTO,2010,11597.0
DE,HIRE,KM300-499,THS_BTO,2011,11861.0
DE,HIRE,KM300-499,THS_BTO,2012,11136.0
DE,HIRE,KM300-499,THS_BTO,2013,11044.0
DE,HIRE,KM300-499,THS_BTO,2014,11169.0
DE,HIRE,KM300-499,THS_BTO,2015,11476.0
DE,HIRE,KM300-499,THS_BTO,2016,11476.0
DE,HIRE,KM300-499,THS_BTO,2017,11229.0
DE,HIRE,KM300-499,THS_BTO,2018,11495.0
DE,HIRE,KM300-499,THS_BTO,2019,11020.0
DE,HIRE,KM300-499,THS_BTO,2020,10729.0
DE,HIRE,KM300-499,THS_BTO,2021,10931.0
DE,HIRE,KM300-499,THS_BTO,2022,10613.0
DE,HIRE,KM300-499,THS_BTO,2023,10033.0
DE,HIRE,KM300-499,THS_BTO,2024,9760.0
DE,HIRE,KM50-149,THS_BTO,1999,21646.0
DE,HIRE,KM50-149,THS_BTO,2000,22839.0
DE,HIRE,KM50-149,THS_BTO,2001,22886.0
DE,HIRE,KM50-149,THS_BTO,2002,22013.0
DE,HIRE,KM50-149,THS_BTO,2003,23423.0
DE,HIRE,KM50-149,THS_BTO,2004,25376.0
DE,HIRE,KM50-149,THS_BTO,2005,27054.0
DE,HIRE,KM50-149,THS_BTO,2006,28862.0
DE,HIRE,KM50-149,THS_BTO,2007,30735.0
DE,HIRE,KM50-149,THS_BTO,2008,30442.0
DE,HIRE,KM50-149,THS_BTO,2009,29114.0
DE,HIRE,KM50-149,THS_BTO,2010,33830.0
DE,HIRE,KM50-149,THS_BTO,2011,36885.0
DE,HIRE,KM50-149,THS_BTO,2012,37270.0
DE,HIRE,KM50-149,THS_BTO,2013,38804.0
DE,HIRE,KM50-149,THS_BTO,2014,41497.0
DE,HIRE,KM50-149,THS_BTO,2015,42984.0
DE,HIRE,KM50-149,THS_BTO,2016,43729.0
DE,HIRE,KM50-149,THS_BTO,2017,45380.0
DE,HIRE,KM50-149,THS_BTO,2018,46403.0
DE,HIRE,KM50-149,THS_BTO,2019,47295.0
DE,HIRE,KM50-149,THS_BTO,2020,46229.0
DE,HIRE,KM50-149,THS_BTO,2021,46571.0
DE,HIRE,KM50-149,THS_BTO,2022,46609.0
DE,HIRE,KM50-149,THS_BTO,2023,45058.0
DE,HIRE,KM50-149,THS_BTO,2024,44589.0
DE,HIRE,KM500-999,THS_BTO,1999,4698.0
DE,HIRE,KM500-999,THS_BTO,2000,4985.0
DE,HIRE,KM500-999,THS_BTO,2001,5339.0
DE,HIRE,KM500-999,THS_BTO,2002,5332.0
DE,HIRE,KM500-999,THS_BTO,2003,5692.0
DE,HIRE,KM500-999,THS_BTO,2004,5910.0
DE,HIRE,KM500-999,THS_BTO,2005,5934.0
DE,HIRE,KM500-999,THS_BTO,2006,6324.0
DE,HIRE,KM500-999,THS_BTO,2007,6752.0
DE,HIRE,KM500-999,THS_BTO,2008,7859.0
DE,HIRE,KM500-999,THS_BTO,2009,6852.0
DE,HIRE,KM500-999,THS_BTO,2010,6959.0
DE,HIRE,KM500-999,THS_BTO,2011,6992.0
DE,HIRE,KM500-999,THS_BTO,2012,6489.0
DE,HIRE,KM500-999,THS_BTO,2013,6245.0
DE,HIRE,KM500-999,THS_BTO,2014,5961.0
DE,HIRE,KM500-999,THS_BTO,2015,6032.0
DE,HIRE,KM500-999,THS_BTO,2016,5896.0
DE,HIRE,KM500-999,THS_BTO,2017,5678.0
DE,HIRE,KM500-999,THS_BTO,2018,5584.0
DE,HIRE,KM500-999,THS_BTO,2019,5404.0
DE,HIRE,KM500-999,THS_BTO,2020,5189.0
DE,HIRE,KM500-999,THS_BTO,2021,5084.0
DE,HIRE,KM500-999,THS_BTO,2022,5199.0
DE,HIRE,KM500-999,THS_BTO,2023,4746.0
DE,HIRE,KM500-999,THS_BTO,2024,4640.0
DE,HIRE,KM_LT50,THS_BTO,1999,67784.0
DE,HIRE,KM_LT50,THS_BTO,2000,63600.0
DE,HIRE,KM_LT50,THS_BTO,2001,57355.0
DE,HIRE,KM_LT50,THS_BTO,2002,54126.0
DE,HIRE,KM_LT50,THS_BTO,2003,56357.0
DE,HIRE,KM_LT50,THS_BTO,2004,57056.0
DE,HIRE,KM_LT50,THS_BTO,2005,59148.0
DE,HIRE,KM_LT50,THS_BTO,2006,62423.0
DE,HIRE,KM_LT50,THS_BTO,2007,69219.0
DE,HIRE,KM_LT50,THS_BTO,2008,68966.0
DE,HIRE,KM_LT50,THS_BTO,2009,60393.0
DE,HIRE,KM_LT50,THS_BTO,2010,74667.0
DE,HIRE,KM_LT50,THS_BTO,2011,85055.0
DE,HIRE,KM_LT50,THS_BTO,2012,84290.0
DE,HIRE,KM_LT50,THS_BTO,2013,88787.0
DE,HIRE,KM_LT50,THS_BTO,2014,93539.0
DE,HIRE,KM_LT50,THS_BTO,2015,93296.0
DE,HIRE,KM_LT50,THS_BTO,2016,96198.0
DE,HIRE,KM_LT50,THS_BTO,2017,99574.0
DE,HIRE,KM_LT50,THS_BTO,2018,101398.0
DE,HIRE,KM_LT50,THS_BTO,2019,102086.0
DE,HIRE,KM_LT50,THS_BTO,2020,100441.0
DE,HIRE,KM_LT50,THS_BTO,2021,99518.0
DE,HIRE,KM_LT50,THS_BTO,2022,97182.0
DE,HIRE,KM_LT50,THS_BTO,2023,90796.0
DE,HIRE,KM_LT50,THS_BTO,2024,89219.0
DE,HIRE,TOTAL,THS_BTO,1999,114893.0
DE,HIRE,TOTAL,THS_BTO,2000,112919.0
DE,HIRE,TOTAL,THS_BTO,2001,107889.0
DE,HIRE,TOTAL,THS_BTO,2002,104203.0
DE,HIRE,TOTAL,THS_BTO,2003,109490.0
DE,HIRE,TOTAL,THS_BTO,2004,113510.0
DE,HIRE,TOTAL,THS_BTO,2005,118763.0
DE,HIRE,TOTAL,THS_BTO,2006,125782.0
DE,HIRE,TOTAL,THS_BTO,2007,137113.0
DE,HIRE,TOTAL,THS_BTO,2008,140187.0
DE,HIRE,TOTAL,THS_BTO,2009,126977.0
DE,HIRE,TOTAL,THS_BTO,2010,148664.0
DE,HIRE,TOTAL,THS_BTO,2011,163395.0
DE,HIRE,TOTAL,THS_BTO,2012,161166.0
DE,HIRE,TOTAL,THS_BTO,2013,167358.0
DE,HIRE,TOTAL,THS_BTO,2014,175055.0
DE,HIRE,TOTAL,THS_BTO,2015,177912.0
DE,HIRE,TOTAL,THS_BTO,2016,181826.0
DE,HIRE,TOTAL,THS_BTO,2017,186527.0
DE,HIRE,TOTAL,THS_BTO,2018,190249.0
DE,HIRE,TOTAL,THS_BTO,2019,190933.0
DE,HIRE,TOTAL,THS_BTO,2020,187339.0
DE,HIRE,TOTAL,THS_BTO,2021,187447.0
DE,HIRE,TOTAL,THS_BTO,2022,184520.0
DE,HIRE,TOTAL,THS_BTO,2023,174664.0
DE,HIRE,TOTAL,THS_BTO,2024,171744.0
DE,OWN,KM1000-1999,THS_BTO,1999,48.0
DE,OWN,KM1000-1999,THS_BTO,2000,38.0
DE,OWN,KM1000-1999,THS_BTO,2001,47.0
DE,OWN,KM1000-1999,THS_BTO,2002,38.0
DE,OWN,KM1000-1999,THS_BTO,2003,40.0
DE,OWN,KM1000-1999,THS_BTO,2004,24.0
DE,OWN,KM1000-1999,THS_BTO,2005,24.0
DE,OWN,KM1000-1999,THS_BTO,2006,26.0
DE,OWN,KM1000-1999,THS_BTO,2007,29.0
DE,OWN,KM1000-1999,THS_BTO,2008,108.0
DE,OWN,KM1000-1999,THS_BTO,2009,101.0
DE,OWN,KM1000-1999,THS_BTO,2010,81.0
DE,OWN,KM1000-1999,THS_BTO,2011,75.0
DE,OWN,KM1000-1999,THS_BTO,2012,67.0
DE,OWN,KM1000-1999,THS_BTO,2013,70.0
DE,OWN,KM1000-1999,THS_BTO,2014,63.0
DE,OWN,KM1000-1999,THS_BTO,2015,65.0
DE,OWN,KM1000-1999,THS_BTO,2016,66.0
DE,OWN,KM1000-1999,THS_BTO,2017,60.0
DE,OWN,KM1000-1999,THS_BTO,2018,57.0
DE,OWN,KM1000-1999,THS_BTO,2019,67.0
DE,OWN,KM1000-1999,THS_BTO,2020,51.0
DE,OWN,KM1000-1999,THS_BTO,2021,52.0
DE,OWN,KM1000-1999,THS_BTO,2022,58.0
DE,OWN,KM1000-1999,THS_BTO,2023,53.0
DE,OWN,KM1000-1999,THS_BTO,2024,53.0
DE,OWN,KM150-299,THS_BTO,1999,6880.0
DE,OWN,KM150-299,THS_BTO,2000,6857.0
DE,OWN,KM150-299,THS_BTO,2001,7082.0
DE,OWN,KM150-299,THS_BTO,2002,6639.0
DE,OWN,KM150-299,THS_BTO,2003,6335.0
DE,OWN,KM150-299,THS_BTO,2004,6376.0
DE,OWN,KM150-299,THS_BTO,2005,6001.0
DE,OWN,KM150-299,THS_BTO,2006,6154.0
DE,OWN,KM150-299,THS_BTO,2007,6073.0
DE,OWN,KM150-299,THS_BTO,2008,7698.0
DE,OWN,KM150-299,THS_BTO,2009,7321.0
DE,OWN,KM150-299,THS_BTO,2010,6003.0
DE,OWN,KM150-299,THS_BTO,2011,6089.0
DE,OWN,KM150-299,THS_BTO,2012,5656.0
DE,OWN,KM150-299,THS_BTO,2013,5432.0
DE,OWN,KM150-299,THS_BTO,2014,5463.0
DE,OWN,KM150-299,THS_BTO,2015,5404.0
DE,OWN,KM150-299,THS_BTO,2016,5315.0
DE,OWN,KM150-299,THS_BTO,2017,5251.0
DE,OWN,KM150-299,THS_BTO,2018,5180.0
DE,OWN,KM150-299,THS_BTO,2019,5288.0
DE,OWN,KM150-299,THS_BTO,2020,5144.0
DE,OWN,KM150-299,THS_BTO,2021,4897.0
DE,OWN,KM150-299,THS_BTO,2022,4741.0
DE,OWN,KM150-299,THS_BTO,2023,4628.0
DE,OWN,KM150-299,THS_BTO,2024,4525.0
DE,OWN,KM2000-5999,THS_BTO,1999,5.0
DE,OWN,KM2000-5999,THS_BTO,2000,6.0
DE,OWN,KM2000-5999,THS_BTO,2001,6.0
DE,OWN,KM2000-5999,THS_BTO,2003,4.0
DE,OWN,KM2000-5999,THS_BTO,2004,6.0
DE,OWN,KM2000-5999,THS_BTO,2005,4.0
DE,OWN,KM2000-5999,THS_BTO,2006,4.0
DE,OWN,KM2000-5999,THS_BTO,2007,4.0
DE,OWN,KM2000-5999,THS_BTO,2008,7.0
DE,OWN,KM2000-5999,THS_BTO,2009,4.0
DE,OWN,KM2000-5999,THS_BTO,2010,3.0
DE,OWN,KM2000-5999,THS_BTO,2011,3.0
DE,OWN,KM300-499,THS_BTO,1999,1836.0
DE,OWN,KM300-499,THS_BTO,2000,1775.0
DE,OWN,KM300-499,THS_BTO,2001,1880.0
DE,OWN,KM300-499,THS_BTO,2002,1831.0
DE,OWN,KM300-499,THS_BTO,2003,1640.0
DE,OWN,KM300-499,THS_BTO,2004,1556.0
DE,OWN,KM300-499,THS_BTO,2005,1410.0
DE,OWN,KM300-499,THS_BTO,2006,1526.0
DE,OWN,KM300-499,THS_BTO,2007,1507.0
DE,OWN,KM300-499,THS_BTO,2008,2275.0
DE,OWN,KM300-499,THS_BTO,2009,2052.0
DE,OWN,KM300-499,THS_BTO,2010,1723.0
DE,OWN,KM300-499,THS_BTO,2011,1663.0
DE,OWN,KM300-499,THS_BTO,2012,1517.0
DE,OWN,KM300-499,THS_BTO,2013,1431.0
DE,OWN,KM300-499,THS_BTO,2014,1484.0
DE,OWN,KM300-499,THS_BTO,2015,1337.0
DE,OWN,KM300-499,THS_BTO,2016,1359.0
DE,OWN,KM300-499,THS_BTO,2017,1296.0
DE,OWN,KM300-499,THS_BTO,2018,1244.0
DE,OWN,KM300-499,THS_BTO,2019,1192.0
DE,OWN,KM300-499,THS_BTO,2020,1195.0
DE,OWN,KM300-499,THS_BTO,2021,1159.0
DE,OWN,KM300-499,THS_BTO,2022,1121.0
DE,OWN,KM300-499,THS_BTO,2023,1045.0
DE,OWN,KM300-499,THS_BTO,2024,1042.0
DE,OWN,KM50-149,THS_BTO,1999,23225.0
DE,OWN,KM50-149,THS_BTO,2000,22722.0
DE,OWN,KM50-149,THS_BTO,2001,22218.0
DE,OWN,KM50-149,THS_BTO,2002,20348.0
DE,OWN,KM50-149,THS_BTO,2003,19841.0
DE,OWN,KM50-149,THS_BTO,2004,19363.0
DE,OWN,KM50-149,THS_BTO,2005,18921.0
DE,OWN,KM50-149,THS_BTO,2006,19808.0
DE,OWN,KM50-149,THS_BTO,2007,19238.0
DE,OWN,KM50-149,THS_BTO,2008,20041.0
DE,OWN,KM50-149,THS_BTO,2009,18882.0
DE,OWN,KM50-149,THS_BTO,2010,15064.0
DE,OWN,KM50-149,THS_BTO,2011,15341.0
DE,OWN,KM50-149,THS_BTO,2012,15037.0
DE,OWN,KM50-149,THS_BTO,2013,15007.0
DE,OWN,KM50-149,THS_BTO,2014,15333.0
DE,OWN,KM50-149,THS_BTO,2015,15285.0
DE,OWN,KM50-149,THS_BTO,2016,14962.0
DE,OWN,KM50-149,THS_BTO,2017,14807.0
DE,OWN,KM50-149,THS_BTO,2018,14544.0
DE,OWN,KM50-149,THS_BTO,2019,14771.0
DE,OWN,KM50-149,THS_BTO,2020,14015.0
DE,OWN,KM50-149,THS_BTO,2021,13835.0
DE,OWN,KM50-149,THS_BTO,2022,13293.0
DE,OWN,KM50-149,THS_BTO,2023,12699.0
DE,OWN,KM50-149,THS_BTO,2024,12426.0
DE,OWN,KM500-999,THS_BTO,1999,644.0
DE,OWN,KM500-999,THS_BTO,2000,612.0
DE,OWN,KM500-999,THS_BTO,2001,645.0
DE,OWN,KM500-999,THS_BTO,2002,586.0
DE,OWN,KM500-999,THS_BTO,2003,446.0
DE,OWN,KM500-999,THS_BTO,2004,465.0
DE,OWN,KM500-999,THS_BTO,2005,444.0
DE,OWN,KM500-999,THS_BTO,2006,474.0
DE,OWN,KM500-999,THS_BTO,2007,435.0
DE,OWN,KM500-999,THS_BTO,2008,861.0
DE,OWN,KM500-999,THS_BTO,2009,761.0
DE,OWN,KM500-999,THS_BTO,2010,627.0
DE,OWN,KM500-999,THS_BTO,2011,621.0
DE,OWN,KM500-999,THS_BTO,2012,593.0
DE,OWN,KM500-999,THS_BTO,2013,600.0
DE,OWN,KM500-999,THS_BTO,2014,575.0
DE,OWN,KM500-999,THS_BTO,2015,533.0
DE,OWN,KM500-999,THS_BTO,2016,494.0
DE,OWN,KM500-999,THS_BTO,2017,469.0
DE,OWN,KM500-999,THS_BTO,2018,490.0
DE,OWN,KM500-999,THS_BTO,2019,427.0
DE,OWN,KM500-999,THS_BTO,2020,453.0
DE,OWN,KM500-999,THS_BTO,2021,407.0
DE,OWN,KM500-999,THS_BTO,2022,400.0
DE,OWN,KM500-999,THS_BTO,2023,401.0
DE,OWN,KM500-999,THS_BTO,2024,353.0
DE,OWN,KM_LT50,THS_BTO,1999,121136.0
DE,OWN,KM_LT50,THS_BTO,2000,112058.0
DE,OWN,KM_LT50,THS_BTO,2001,105843.0
DE,OWN,KM_LT50,THS_BTO,2002,94758.0
DE,OWN,KM_LT50,THS_BTO,2003,91571.0
DE,OWN,KM_LT50,THS_BTO,2004,90388.0
DE,OWN,KM_LT50,THS_BTO,2005,84367.0
DE,OWN,KM_LT50,THS_BTO,2006,89472.0
DE,OWN,KM_LT50,THS_BTO,2007,88357.0
DE,OWN,KM_LT50,THS_BTO,2008,85268.0
DE,OWN,KM_LT50,THS_BTO,2009,73399.0
DE,OWN,KM_LT50,THS_BTO,2010,52762.0
DE,OWN,KM_LT50,THS_BTO,2011,56960.0
DE,OWN,KM_LT50,THS_BTO,2012,54743.0
DE,OWN,KM_LT50,THS_BTO,2013,54412.0
DE,OWN,KM_LT50,THS_BTO,2014,57165.0
DE,OWN,KM_LT50,THS_BTO,2015,54914.0
DE,OWN,KM_LT50,THS_BTO,2016,53634.0
DE,OWN,KM_LT50,THS_BTO,2017,52179.0
DE,OWN,KM_LT50,THS_BTO,2018,51898.0
DE,OWN,KM_LT50,THS_BTO,2019,52045.0
DE,OWN,KM_LT50,THS_BTO,2020,50539.0
DE,OWN,KM_LT50,THS_BTO,2021,48208.0
DE,OWN,KM_LT50,THS_BTO,2022,46207.0
DE,OWN,KM_LT50,THS_BTO,2023,42241.0
DE,OWN,KM_LT50,THS_BTO,2024,41443.0
DE,OWN,TOTAL,THS_BTO,1999,153775.0
DE,OWN,TOTAL,THS_BTO,2000,144068.0
DE,OWN,TOTAL,THS_BTO,2001,137721.0
DE,OWN,TOTAL,THS_BTO,2002,124203.0
DE,OWN,TOTAL,THS_BTO,2003,119878.0
DE,OWN,TOTAL,THS_BTO,2004,118178.0
DE,OWN,TOTAL,THS_BTO,2005,111172.0
DE,OWN,TOTAL,THS_BTO,2006,117464.0
DE,OWN,TOTAL,THS_BTO,2007,115644.0
DE,OWN,TOTAL,THS_BTO,2008,116257.0
DE,OWN,TOTAL,THS_BTO,2009,102520.0
DE,OWN,TOTAL,THS_BTO,2010,76263.0
DE,OWN,TOTAL,THS_BTO,2011,80752.0
DE,OWN,TOTAL,THS_BTO,2012,77614.0
DE,OWN,TOTAL,THS_BTO,2013,76954.0
DE,OWN,TOTAL,THS_BTO,2014,80084.0
DE,OWN,TOTAL,THS_BTO,2015,77540.0
DE,OWN,TOTAL,THS_BTO,2016,75831.0
DE,OWN,TOTAL,THS_BTO,2017,74065.0
DE,OWN,TOTAL,THS_BTO,2018,73416.0
DE,OWN,TOTAL,THS_BTO,2019,73790.0
DE,OWN,TOTAL,THS_BTO,2020,71397.0
DE,OWN,TOTAL,THS_BTO,2021,68560.0
DE,OWN,TOTAL,THS_BTO,2022,65820.0
DE,OWN,TOTAL,THS_BTO,2023,61070.0
DE,OWN,TOTAL,THS_BTO,2024,59844.0
DE,TOTAL,KM1000-1999,THS_BTO,1999,643.0
DE,TOTAL,KM1000-1999,THS_BTO,2000,633.0
DE,TOTAL,KM1000-1999,THS_BTO,2001,661.0
DE,TOTAL,KM1000-1999,THS_BTO,2002,693.0
DE,TOTAL,KM1000-1999,THS_BTO,2003,708.0
DE,TOTAL,KM1000-1999,THS_BTO,2004,788.0
DE,TOTAL,KM1000-1999,THS_BTO,2005,761.0
DE,TOTAL,KM1000-1999,THS_BTO,2006,815.0
DE,TOTAL,KM1000-1999,THS_BTO,2007,816.0
DE,TOTAL,KM1000-1999,THS_BTO,2008,1068.0
DE,TOTAL,KM1000-1999,THS_BTO,2009,875.0
DE,TOTAL,KM1000-1999,THS_BTO,2010,777.0
DE,TOTAL,KM1000-1999,THS_BTO,2011,759.0
DE,TOTAL,KM1000-1999,THS_BTO,2012,654.0
DE,TOTAL,KM1000-1999,THS_BTO,2013,609.0
DE,TOTAL,KM1000-1999,THS_BTO,2014,571.0
DE,TOTAL,KM1000-1999,THS_BTO,2015,543.0
DE,TOTAL,KM1000-1999,THS_BTO,2016,546.0
DE,TOTAL,KM1000-1999,THS_BTO,2017,484.0
DE,TOTAL,KM1000-1999,THS_BTO,2018,476.0
DE,TOTAL,KM1000-1999,THS_BTO,2019,457.0
DE,TOTAL,KM1000-1999,THS_BTO,2020,411.0
DE,TOTAL,KM1000-1999,THS_BTO,2021,418.0
DE,TOTAL,KM1000-1999,THS_BTO,2022,439.0
DE,TOTAL,KM1000-1999,THS_BTO,2023,410.0
DE,TOTAL,KM1000-1999,THS_BTO,2024,390.0
DE,TOTAL,KM150-299,THS_BTO,1999,19588.0
DE,TOTAL,KM150-299,THS_BTO,2000,20027.0
DE,TOTAL,KM150-299,THS_BTO,2001,20621.0
DE,TOTAL,KM150-299,THS_BTO,2002,20545.0
DE,TOTAL,KM150-299,THS_BTO,2003,21077.0
DE,TOTAL,KM150-299,THS_BTO,2004,21782.0
DE,TOTAL,KM150-299,THS_BTO,2005,22473.0
DE,TOTAL,KM150-299,THS_BTO,2006,23414.0
DE,TOTAL,KM150-299,THS_BTO,2007,24820.0
DE,TOTAL,KM150-299,THS_BTO,2008,27697.0
DE,TOTAL,KM150-299,THS_BTO,2009,26344.0
DE,TOTAL,KM150-299,THS_BTO,2010,26847.0
DE,TOTAL,KM150-299,THS_BTO,2011,27936.0
DE,TOTAL,KM150-299,THS_BTO,2012,26995.0
DE,TOTAL,KM150-299,THS_BTO,2013,27326.0
DE,TOTAL,KM150-299,THS_BTO,2014,27794.0
DE,TOTAL,KM150-299,THS_BTO,2015,29015.0
DE,TOTAL,KM150-299,THS_BTO,2016,29334.0
DE,TOTAL,KM150-299,THS_BTO,2017,29466.0
DE,TOTAL,KM150-299,THS_BTO,2018,30103.0
DE,TOTAL,KM150-299,THS_BTO,2019,29998.0
DE,TOTAL,KM150-299,THS_BTO,2020,29514.0
DE,TOTAL,KM150-299,THS_BTO,2021,29849.0
DE,TOTAL,KM150-299,THS_BTO,2022,29245.0
DE,TOTAL,KM150-299,THS_BTO,2023,28274.0
DE,TOTAL,KM150-299,THS_BTO,2024,27696.0
DE,TOTAL,KM2000-5999,THS_BTO,1999,75.0
DE,TOTAL,KM2000-5999,THS_BTO,2000,85.0
DE,TOTAL,KM2000-5999,THS_BTO,2001,83.0
DE,TOTAL,KM2000-5999,THS_BTO,2002,77.0
DE,TOTAL,KM2000-5999,THS_BTO,2003,85.0
DE,TOTAL,KM2000-5999,THS_BTO,2004,79.0
DE,TOTAL,KM2000-5999,THS_BTO,2005,81.0
DE,TOTAL,KM2000-5999,THS_BTO,2006,91.0
DE,TOTAL,KM2000-5999,THS_BTO,2007,91.0
DE,TOTAL,KM2000-5999,THS_BTO,2008,81.0
DE,TOTAL,KM2000-5999,THS_BTO,2009,69.0
DE,TOTAL,KM2000-5999,THS_BTO,2010,73.0
DE,TOTAL,KM2000-5999,THS_BTO,2011,74.0
DE,TOTAL,KM2000-5999,THS_BTO,2012,53.0
DE,TOTAL,KM2000-5999,THS_BTO,2013,48.0
DE,TOTAL,KM2000-5999,THS_BTO,2014,51.0
DE,TOTAL,KM2000-5999,THS_BTO,2015,36.0
DE,TOTAL,KM2000-5999,THS_BTO,2016,29.0
DE,TOTAL,KM2000-5999,THS_BTO,2017,30.0
DE,TOTAL,KM2000-5999,THS_BTO,2018,30.0
DE,TOTAL,KM2000-5999,THS_BTO,2019,28.0
DE,TOTAL,KM2000-5999,THS_BTO,2020,21.0
DE,TOTAL,KM2000-5999,THS_BTO,2021,28.0
DE,TOTAL,KM2000-5999,THS_BTO,2022,32.0
DE,TOTAL,KM2000-5999,THS_BTO,2023,30.0
DE,TOTAL,KM2000-5999,THS_BTO,2024,30.0
DE,TOTAL,KM300-499,THS_BTO,1999,9228.0
DE,TOTAL,KM300-499,THS_BTO,2000,9427.0
DE,TOTAL,KM300-499,THS_BTO,2001,9959.0
DE,TOTAL,KM300-499,THS_BTO,2002,9928.0
DE,TOTAL,KM300-499,THS_BTO,2003,10168.0
DE,TOTAL,KM300-499,THS_BTO,2004,10481.0
DE,TOTAL,KM300-499,THS_BTO,2005,10752.0
DE,TOTAL,KM300-499,THS_BTO,2006,11563.0
DE,TOTAL,KM300-499,THS_BTO,2007,12295.0
DE,TOTAL,KM300-499,THS_BTO,2008,14160.0
DE,TOTAL,KM300-499,THS_BTO,2009,12809.0
DE,TOTAL,KM300-499,THS_BTO,2010,13320.0
DE,TOTAL,KM300-499,THS_BTO,2011,13524.0
DE,TOTAL,KM300-499,THS_BTO,2012,12653.0
DE,TOTAL,KM300-499,THS_BTO,2013,12475.0
DE,TOTAL,KM300-499,THS_BTO,2014,12653.0
DE,TOTAL,KM300-499,THS_BTO,2015,12813.0
DE,TOTAL,KM300-499,THS_BTO,2016,12834.0
DE,TOTAL,KM300-499,THS_BTO,2017,12525.0
DE,TOTAL,KM300-499,THS_BTO,2018,12739.0
DE,TOTAL,KM300-499,THS_BTO,2019,12212.0
DE,TOTAL,KM300-499,THS_BTO,2020,11924.0
DE,TOTAL,KM300-499,THS_BTO,2021,12090.0
DE,TOTAL,KM300-499,THS_BTO,2022,11733.0
DE,TOTAL,KM300-499,THS_BTO,2023,11078.0
DE,TOTAL,KM300-499,THS_BTO,2024,10803.0
DE,TOTAL,KM50-149,THS_BTO,1999,44871.0
DE,TOTAL,KM50-149,THS_BTO,2000,45561.0
DE,TOTAL,KM50-149,THS_BTO,2001,45104.0
DE,TOTAL,KM50-149,THS_BTO,2002,42361.0
DE,TOTAL,KM50-149,THS_BTO,2003,43263.0
DE,TOTAL,KM50-149,THS_BTO,2004,44738.0
DE,TOTAL,KM50-149,THS_BTO,2005,45975.0
DE,TOTAL,KM50-149,THS_BTO,2006,48670.0
DE,TOTAL,KM50-149,THS_BTO,2007,49973.0
DE,TOTAL,KM50-149,THS_BTO,2008,50484.0
DE,TOTAL,KM50-149,THS_BTO,2009,47996.0
DE,TOTAL,KM50-149,THS_BTO,2010,48894.0
DE,TOTAL,KM50-149,THS_BTO,2011,52226.0
DE,TOTAL,KM50-149,THS_BTO,2012,52307.0
DE,TOTAL,KM50-149,THS_BTO,2013,53810.0
DE,TOTAL,KM50-149,THS_BTO,2014,56830.0
DE,TOTAL,KM50-149,THS_BTO,2015,58269.0
DE,TOTAL,KM50-149,THS_BTO,2016,58691.0
DE,TOTAL,KM50-149,THS_BTO,2017,60187.0
DE,TOTAL,KM50-149,THS_BTO,2018,60947.0
DE,TOTAL,KM50-149,THS_BTO,2019,62066.0
DE,TOTAL,KM50-149,THS_BTO,2020,60244.0
DE,TOTAL,KM50-149,THS_BTO,2021,60406.0
DE,TOTAL,KM50-149,THS_BTO,2022,59902.0
DE,TOTAL,KM50-149,THS_BTO,2023,57757.0
DE,TOTAL,KM50-149,THS_BTO,2024,57015.0
DE,TOTAL,KM500-999,THS_BTO,1999,5341.0
DE,TOTAL,KM500-999,THS_BTO,2000,5597.0
DE,TOTAL,KM500-999,THS_BTO,2001,5984.0
DE,TOTAL,KM500-999,THS_BTO,2002,5918.0
DE,TOTAL,KM500-999,THS_BTO,2003,6138.0
DE,TOTAL,KM500-999,THS_BTO,2004,6374.0
DE,TOTAL,KM500-999,THS_BTO,2005,6378.0
DE,TOTAL,KM500-999,THS_BTO,2006,6798.0
DE,TOTAL,KM500-999,THS_BTO,2007,7187.0
DE,TOTAL,KM500-999,THS_BTO,2008,8720.0
DE,TOTAL,KM500-999,THS_BTO,2009,7613.0
DE,TOTAL,KM500-999,THS_BTO,2010,7586.0
DE,TOTAL,KM500-999,THS_BTO,2011,7613.0
DE,TOTAL,KM500-999,THS_BTO,2012,7082.0
DE,TOTAL,KM500-999,THS_BTO,2013,6845.0
DE,TOTAL,KM500-999,THS_BTO,2014,6536.0
DE,TOTAL,KM500-999,THS_BTO,2015,6565.0
DE,TOTAL,KM500-999,THS_BTO,2016,6390.0
DE,TOTAL,KM500-999,THS_BTO,2017,6147.0
DE,TOTAL,KM500-999,THS_BTO,2018,6074.0
DE,TOTAL,KM500-999,THS_BTO,2019,5831.0
DE,TOTAL,KM500-999,THS_BTO,2020,5642.0
DE,TOTAL,KM500-999,THS_BTO,2021,5491.0
DE,TOTAL,KM500-999,THS_BTO,2022,5599.0
DE,TOTAL,KM500-999,THS_BTO,2023,5147.0
DE,TOTAL,KM500-999,THS_BTO,2024,4992.0
DE,TOTAL,KM_GE6000,THS_BTO,2016,0.0
DE,TOTAL,KM_GE6000,THS_BTO,2021,0.0
DE,TOTAL,KM_LT50,THS_BTO,1999,188920.0
DE,TOTAL,KM_LT50,THS_BTO,2000,175658.0
DE,TOTAL,KM_LT50,THS_BTO,2001,163197.0
DE,TOTAL,KM_LT50,THS_BTO,2002,148884.0
DE,TOTAL,KM_LT50,THS_BTO,2003,147928.0
DE,TOTAL,KM_LT50,THS_BTO,2004,147444.0
DE,TOTAL,KM_LT50,THS_BTO,2005,143515.0
DE,TOTAL,KM_LT50,THS_BTO,2006,151895.0
DE,TOTAL,KM_LT50,THS_BTO,2007,157576.0
DE,TOTAL,KM_LT50,THS_BTO,2008,154234.0
DE,TOTAL,KM_LT50,THS_BTO,2009,133792.0
DE,TOTAL,KM_LT50,THS_BTO,2010,127430.0
DE,TOTAL,KM_LT50,THS_BTO,2011,142015.0
DE,TOTAL,KM_LT50,THS_BTO,2012,139034.0
DE,TOTAL,KM_LT50,THS_BTO,2013,143199.0
DE,TOTAL,KM_LT50,THS_BTO,2014,150703.0
DE,TOTAL,KM_LT50,THS_BTO,2015,148210.0
DE,TOTAL,KM_LT50,THS_BTO,2016,149832.0
DE,TOTAL,KM_LT50,THS_BTO,2017,151753.0
DE,TOTAL,KM_LT50,THS_BTO,2018,153296.0
DE,TOTAL,KM_LT50,THS_BTO,2019,154131.0
DE,TOTAL,KM_LT50,THS_BTO,2020,150979.0
DE,TOTAL,KM_LT50,THS_BTO,2021,147726.0
DE,TOTAL,KM_LT50,THS_BTO,2022,143389.0
DE,TOTAL,KM_LT50,THS_BTO,2023,133037.0
DE,TOTAL,KM_LT50,THS_BTO,2024,130662.0
DE,TOTAL,TOTAL,THS_BTO,1999,268668.0
DE,TOTAL,TOTAL,THS_BTO,2000,256987.0
DE,TOTAL,TOTAL,THS_BTO,2001,245610.0
DE,TOTAL,TOTAL,THS_BTO,2002,228406.0
DE,TOTAL,TOTAL,THS_BTO,2003,229367.0
DE,TOTAL,TOTAL,THS_BTO,2004,231687.0
DE,TOTAL,TOTAL,THS_BTO,2005,229935.0
DE,TOTAL,TOTAL,THS_BTO,2006,243246.0
DE,TOTAL,TOTAL,THS_BTO,2007,252758.0
DE,TOTAL,TOTAL,THS_BTO,2008,256443.0
DE,TOTAL,TOTAL,THS_BTO,2009,229498.0
DE,TOTAL,TOTAL,THS_BTO,2010,224927.0
DE,TOTAL,TOTAL,THS_BTO,2011,244147.0
DE,TOTAL,TOTAL,THS_BTO,2012,238780.0
DE,TOTAL,TOTAL,THS_BTO,2013,244312.0
DE,TOTAL,TOTAL,THS_BTO,2014,255139.0
DE,TOTAL,TOTAL,THS_BTO,2015,255452.0
DE,TOTAL,TOTAL,THS_BTO,2016,257657.0
DE,TOTAL,TOTAL,THS_BTO,2017,260591.0
DE,TOTAL,TOTAL,THS_BTO,2018,263665.0
DE,TOTAL,TOTAL,THS_BTO,2019,264723.0
DE,TOTAL,TOTAL,THS_BTO,2020,258736.0
DE,TOTAL,TOTAL,THS_BTO,2021,256007.0
DE,TOTAL,TOTAL,THS_BTO,2022,250340.0
DE,TOTAL,TOTAL,THS_BTO,2023,235734.0
DE,TOTAL,TOTAL,THS_BTO,2024,231588.0
DE,HIRE,KM1000-1999,THS_T,1999,10713.0
DE,HIRE,KM1000-1999,THS_T,2000,10323.0
DE,HIRE,KM1000-1999,THS_T,2001,10544.0
DE,HIRE,KM1000-1999,THS_T,2002,11612.0
DE,HIRE,KM1000-1999,THS_T,2003,11508.0
DE,HIRE,KM1000-1999,THS_T,2004,13577.0
DE,HIRE,KM1000-1999,THS_T,2005,12846.0
DE,HIRE,KM1000-1999,THS_T,2006,14175.0
DE,HIRE,KM1000-1999,THS_T,2007,13663.0
DE,HIRE,KM1000-1999,THS_T,2008,14532.0
DE,HIRE,KM1000-1999,THS_T,2009,11511.0
DE,HIRE,KM1000-1999,THS_T,2010,10305.0
DE,HIRE,KM1000-1999,THS_T,2011,9888.0
DE,HIRE,KM1000-1999,THS_T,2012,8428.0
DE,HIRE,KM1000-1999,THS_T,2013,7669.0
DE,HIRE,KM1000-1999,THS_T,2014,7123.0
DE,HIRE,KM1000-1999,THS_T,2015,6493.0
DE,HIRE,KM1000-1999,THS_T,2016,6379.0
DE,HIRE,KM1000-1999,THS_T,2017,5753.0
DE,HIRE,KM1000-1999,THS_T,2018,5374.0
DE,HIRE,KM1000-1999,THS_T,2019,5231.0
DE,HIRE,KM1000-1999,THS_T,2020,4654.0
DE,HIRE,KM1000-1999,THS_T,2021,4808.0
DE,HIRE,KM1000-1999,THS_T,2022,5169.0
DE,HIRE,KM1000-1999,THS_T,2023,4588.0
DE,HIRE,KM1000-1999,THS_T,2024,4540.0
DE,HIRE,KM150-299,THS_T,1999,194515.0
DE,HIRE,KM150-299,THS_T,2000,203418.0
DE,HIRE,KM150-299,THS_T,2001,206123.0
DE,HIRE,KM150-299,THS_T,2002,212619.0
DE,HIRE,KM150-299,THS_T,2003,223857.0
DE,HIRE,KM150-299,THS_T,2004,230105.0
DE,HIRE,KM150-299,THS_T,2005,246662.0
DE,HIRE,KM150-299,THS_T,2006,259626.0
DE,HIRE,KM150-299,THS_T,2007,281476.0
DE,HIRE,KM150-299,THS_T,2008,271970.0
DE,HIRE,KM150-299,THS_T,2009,254311.0
DE,HIRE,KM150-299,THS_T,2010,281053.0
DE,HIRE,KM150-299,THS_T,2011,294912.0
DE,HIRE,KM150-299,THS_T,2012,287903.0
DE,HIRE,KM150-299,THS_T,2013,294969.0
DE,HIRE,KM150-299,THS_T,2014,302459.0
DE,HIRE,KM150-299,THS_T,2015,321463.0
DE,HIRE,KM150-299,THS_T,2016,326420.0
DE,HIRE,KM150-299,THS_T,2017,331854.0
DE,HIRE,KM150-299,THS_T,2018,341639.0
DE,HIRE,KM150-299,THS_T,2019,337203.0
DE,HIRE,KM150-299,THS_T,2020,333081.0
DE,HIRE,KM150-299,THS_T,2021,342688.0
DE,HIRE,KM150-299,THS_T,2022,336409.0
DE,HIRE,KM150-299,THS_T,2023,323314.0
DE,HIRE,KM150-299,THS_T,2024,319340.0
DE,HIRE,KM2000-5999,THS_T,1999,1091.0
DE,HIRE,KM2000-5999,THS_T,2000,1293.0
DE,HIRE,KM2000-5999,THS_T,2001,1285.0
DE,HIRE,KM2000-5999,THS_T,2002,1192.0
DE,HIRE,KM2000-5999,THS_T,2003,1232.0
DE,HIRE,KM2000-5999,THS_T,2004,1188.0
DE,HIRE,KM2000-5999,THS_T,2005,1281.0
DE,HIRE,KM2000-5999,THS_T,2006,1482.0
DE,HIRE,KM2000-5999,THS_T,2007,1509.0
DE,HIRE,KM2000-5999,THS_T,2008,1164.0
DE,HIRE,KM2000-5999,THS_T,2009,1002.0
DE,HIRE,KM2000-5999,THS_T,2010,1131.0
DE,HIRE,KM2000-5999,THS_T,2011,1119.0
DE,HIRE,KM2000-5999,THS_T,2012,814.0
DE,HIRE,KM2000-5999,THS_T,2013,696.0
DE,HIRE,KM2000-5999,THS_T,2014,712.0
DE,HIRE,KM2000-5999,THS_T,2015,504.0
DE,HIRE,KM2000-5999,THS_T,2016,393.0
DE,HIRE,KM2000-5999,THS_T,2017,371.0
DE,HIRE,KM2000-5999,THS_T,2018,365.0
DE,HIRE,KM2000-5999,THS_T,2019,364.0
DE,HIRE,KM2000-5999,THS_T,2020,265.0
DE,HIRE,KM2000-5999,THS_T,2021,367.0
DE,HIRE,KM2000-5999,THS_T,2022,423.0
DE,HIRE,KM2000-5999,THS_T,2023,387.0
DE,HIRE,KM2000-5999,THS_T,2024,378.0
DE,HIRE,KM300-499,THS_T,1999,117964.0
DE,HIRE,KM300-499,THS_T,2000,121455.0
DE,HIRE,KM300-499,THS_T,2001,129573.0
DE,HIRE,KM300-499,THS_T,2002,131267.0
DE,HIRE,KM300-499,THS_T,2003,136618.0
DE,HIRE,KM300-499,THS_T,2004,144820.0
DE,HIRE,KM300-499,THS_T,2005,152126.0
DE,HIRE,KM300-499,THS_T,2006,164533.0
DE,HIRE,KM300-499,THS_T,2007,175482.0
DE,HIRE,KM300-499,THS_T,2008,171319.0
DE,HIRE,KM300-499,THS_T,2009,153705.0
DE,HIRE,KM300-499,THS_T,2010,167199.0
DE,HIRE,KM300-499,THS_T,2011,171197.0
DE,HIRE,KM300-499,THS_T,2012,161700.0
DE,HIRE,KM300-499,THS_T,2013,161989.0
DE,HIRE,KM300-499,THS_T,2014,163777.0
DE,HIRE,KM300-499,THS_T,2015,169677.0
DE,HIRE,KM300-499,THS_T,2016,168345.0
DE,HIRE,KM300-499,THS_T,2017,164629.0
DE,HIRE,KM300-499,THS_T,2018,170002.0
DE,HIRE,KM300-499,THS_T,2019,161132.0
DE,HIRE,KM300-499,THS_T,2020,158405.0
DE,HIRE,KM300-499,THS_T,2021,162140.0
DE,HIRE,KM300-499,THS_T,2022,157314.0
DE,HIRE,KM300-499,THS_T,2023,147729.0
DE,HIRE,KM300-499,THS_T,2024,143878.0
DE,HIRE,KM50-149,THS_T,1999,339854.0
DE,HIRE,KM50-149,THS_T,2000,351291.0
DE,HIRE,KM50-149,THS_T,2001,347517.0
DE,HIRE,KM50-149,THS_T,2002,333960.0
DE,HIRE,KM50-149,THS_T,2003,351977.0
DE,HIRE,KM50-149,THS_T,2004,375821.0
DE,HIRE,KM50-149,THS_T,2005,398747.0
DE,HIRE,KM50-149,THS_T,2006,421829.0
DE,HIRE,KM50-149,THS_T,2007,454785.0
DE,HIRE,KM50-149,THS_T,2008,415393.0
DE,HIRE,KM50-149,THS_T,2009,397780.0
DE,HIRE,KM50-149,THS_T,2010,456967.0
DE,HIRE,KM50-149,THS_T,2011,501015.0
DE,HIRE,KM50-149,THS_T,2012,496331.0
DE,HIRE,KM50-149,THS_T,2013,515530.0
DE,HIRE,KM50-149,THS_T,2014,551329.0
DE,HIRE,KM50-149,THS_T,2015,570085.0
DE,HIRE,KM50-149,THS_T,2016,590622.0
DE,HIRE,KM50-149,THS_T,2017,617355.0
DE,HIRE,KM50-149,THS_T,2018,628343.0
DE,HIRE,KM50-149,THS_T,2019,640681.0
DE,HIRE,KM50-149,THS_T,2020,626450.0
DE,HIRE,KM50-149,THS_T,2021,628990.0
DE,HIRE,KM50-149,THS_T,2022,632594.0
DE,HIRE,KM50-149,THS_T,2023,603793.0
DE,HIRE,KM50-149,THS_T,2024,600999.0
DE,HIRE,KM500-999,THS_T,1999,78945.0
DE,HIRE,KM500-999,THS_T,2000,82219.0
DE,HIRE,KM500-999,THS_T,2001,88303.0
DE,HIRE,KM500-999,THS_T,2002,89300.0
DE,HIRE,KM500-999,THS_T,2003,95273.0
DE,HIRE,KM500-999,THS_T,2004,99943.0
DE,HIRE,KM500-999,THS_T,2005,102331.0
DE,HIRE,KM500-999,THS_T,2006,108234.0
DE,HIRE,KM500-999,THS_T,2007,114952.0
DE,HIRE,KM500-999,THS_T,2008,118308.0
DE,HIRE,KM500-999,THS_T,2009,101919.0
DE,HIRE,KM500-999,THS_T,2010,103595.0
DE,HIRE,KM500-999,THS_T,2011,104587.0
DE,HIRE,KM500-999,THS_T,2012,96666.0
DE,HIRE,KM500-999,THS_T,2013,92860.0
DE,HIRE,KM500-999,THS_T,2014,89371.0
DE,HIRE,KM500-999,THS_T,2015,89539.0
DE,HIRE,KM500-999,THS_T,2016,87612.0
DE,HIRE,KM500-999,THS_T,2017,83695.0
DE,HIRE,KM500-999,THS_T,2018,81590.0
DE,HIRE,KM500-999,THS_T,2019,79769.0
DE,HIRE,KM500-999,THS_T,2020,76252.0
DE,HIRE,KM500-999,THS_T,2021,75540.0
DE,HIRE,KM500-999,THS_T,2022,76812.0
DE,HIRE,KM500-999,THS_T,2023,70266.0
DE,HIRE,KM500-999,THS_T,2024,68468.0
DE,HIRE,KM_LT50,THS_T,1999,955901.0
DE,HIRE,KM_LT50,THS_T,2000,868503.0
DE,HIRE,KM_LT50,THS_T,2001,803153.0
DE,HIRE,KM_LT50,THS_T,2002,783712.0
DE,HIRE,KM_LT50,THS_T,2003,806921.0
DE,HIRE,KM_LT50,THS_T,2004,822830.0
DE,HIRE,KM_LT50,THS_T,2005,857374.0
DE,HIRE,KM_LT50,THS_T,2006,893229.0
DE,HIRE,KM_LT50,THS_T,2007,975948.0
DE,HIRE,KM_LT50,THS_T,2008,924957.0
DE,HIRE,KM_LT50,THS_T,2009,832369.0
DE,HIRE,KM_LT50,THS_T,2010,946565.0
DE,HIRE,KM_LT50,THS_T,2011,1084526.0
DE,HIRE,KM_LT50,THS_T,2012,1058821.0
DE,HIRE,KM_LT50,THS_T,2013,1095887.0
DE,HIRE,KM_LT50,THS_T,2014,1146099.0
DE,HIRE,KM_LT50,THS_T,2015,1122492.0
DE,HIRE,KM_LT50,THS_T,2016,1197341.0
DE,HIRE,KM_LT50,THS_T,2017,1240607.0
DE,HIRE,KM_LT50,THS_T,2018,1261625.0
DE,HIRE,KM_LT50,THS_T,2019,1265966.0
DE,HIRE,KM_LT50,THS_T,2020,1220447.0
DE,HIRE,KM_LT50,THS_T,2021,1225276.0
DE,HIRE,KM_LT50,THS_T,2022,1218437.0
DE,HIRE,KM_LT50,THS_T,2023,1116383.0
DE,HIRE,KM_LT50,THS_T,2024,1075976.0
DE,HIRE,TOTAL,THS_T,1999,1698989.0
DE,HIRE,TOTAL,THS_T,2000,1638503.0
DE,HIRE,TOTAL,THS_T,2001,1586499.0
DE,HIRE,TOTAL,THS_T,2002,1563661.0
DE,HIRE,TOTAL,THS_T,2003,1627387.0
DE,HIRE,TOTAL,THS_T,2004,1688285.0
DE,HIRE,TOTAL,THS_T,2005,1771366.0
DE,HIRE,TOTAL,THS_T,2006,1863107.0
DE,HIRE,TOTAL,THS_T,2007,2017816.0
DE,HIRE,TOTAL,THS_T,2008,1917644.0
DE,HIRE,TOTAL,THS_T,2009,1752597.0
DE,HIRE,TOTAL,THS_T,2010,1966815.0
DE,HIRE,TOTAL,THS_T,2011,2167248.0
DE,HIRE,TOTAL,THS_T,2012,2110675.0
DE,HIRE,TOTAL,THS_T,2013,2169600.0
DE,HIRE,TOTAL,THS_T,2014,2260870.0
DE,HIRE,TOTAL,THS_T,2015,2280256.0
DE,HIRE,TOTAL,THS_T,2016,2377117.0
DE,HIRE,TOTAL,THS_T,2017,2444264.0
DE,HIRE,TOTAL,THS_T,2018,2488938.0
DE,HIRE,TOTAL,THS_T,2019,2490346.0
DE,HIRE,TOTAL,THS_T,2020,2419555.0
DE,HIRE,TOTAL,THS_T,2021,2439818.0
DE,HIRE,TOTAL,THS_T,2022,2427157.0
DE,HIRE,TOTAL,THS_T,2023,2266461.0
DE,HIRE,TOTAL,THS_T,2024,2213577.0
DE,OWN,KM1000-1999,THS_T,1999,655.0
DE,OWN,KM1000-1999,THS_T,2000,536.0
DE,OWN,KM1000-1999,THS_T,2001,675.0
DE,OWN,KM1000-1999,THS_T,2002,558.0
DE,OWN,KM1000-1999,THS_T,2003,554.0
DE,OWN,KM1000-1999,THS_T,2004,370.0
DE,OWN,KM1000-1999,THS_T,2005,321.0
DE,OWN,KM1000-1999,THS_T,2006,415.0
DE,OWN,KM1000-1999,THS_T,2007,375.0
DE,OWN,KM1000-1999,THS_T,2008,964.0
DE,OWN,KM1000-1999,THS_T,2009,801.0
DE,OWN,KM1000-1999,THS_T,2010,653.0
DE,OWN,KM1000-1999,THS_T,2011,654.0
DE,OWN,KM1000-1999,THS_T,2012,566.0
DE,OWN,KM1000-1999,THS_T,2013,571.0
DE,OWN,KM1000-1999,THS_T,2014,465.0
DE,OWN,KM1000-1999,THS_T,2015,480.0
DE,OWN,KM1000-1999,THS_T,2016,542.0
DE,OWN,KM1000-1999,THS_T,2017,414.0
DE,OWN,KM1000-1999,THS_T,2018,443.0
DE,OWN,KM1000-1999,THS_T,2019,485.0
DE,OWN,KM1000-1999,THS_T,2020,401.0
DE,OWN,KM1000-1999,THS_T,2021,391.0
DE,OWN,KM1000-1999,THS_T,2022,481.0
DE,OWN,KM1000-1999,THS_T,2023,459.0
DE,OWN,KM1000-1999,THS_T,2024,416.0
DE,OWN,KM150-299,THS_T,1999,88788.0
DE,OWN,KM150-299,THS_T,2000,88041.0
DE,OWN,KM150-299,THS_T,2001,90041.0
DE,OWN,KM150-299,THS_T,2002,85004.0
DE,OWN,KM150-299,THS_T,2003,79394.0
DE,OWN,KM150-299,THS_T,2004,81014.0
DE,OWN,KM150-299,THS_T,2005,76687.0
DE,OWN,KM150-299,THS_T,2006,79449.0
DE,OWN,KM150-299,THS_T,2007,75202.0
DE,OWN,KM150-299,THS_T,2008,80886.0
DE,OWN,KM150-299,THS_T,2009,76351.0
DE,OWN,KM150-299,THS_T,2010,61823.0
DE,OWN,KM150-299,THS_T,2011,61143.0
DE,OWN,KM150-299,THS_T,2012,54894.0
DE,OWN,KM150-299,THS_T,2013,53639.0
DE,OWN,KM150-299,THS_T,2014,53681.0
DE,OWN,KM150-299,THS_T,2015,52014.0
DE,OWN,KM150-299,THS_T,2016,50693.0
DE,OWN,KM150-299,THS_T,2017,49208.0
DE,OWN,KM150-299,THS_T,2018,49660.0
DE,OWN,KM150-299,THS_T,2019,50615.0
DE,OWN,KM150-299,THS_T,2020,50065.0
DE,OWN,KM150-299,THS_T,2021,47331.0
DE,OWN,KM150-299,THS_T,2022,45661.0
DE,OWN,KM150-299,THS_T,2023,44073.0
DE,OWN,KM150-299,THS_T,2024,44277.0
DE,OWN,KM2000-5999,THS_T,1999,54.0
DE,OWN,KM2000-5999,THS_T,2000,69.0
DE,OWN,KM2000-5999,THS_T,2001,97.0
DE,OWN,KM2000-5999,THS_T,2003,43.0
DE,OWN,KM2000-5999,THS_T,2004,70.0
DE,OWN,KM2000-5999,THS_T,2005,52.0
DE,OWN,KM2000-5999,THS_T,2006,91.0
DE,OWN,KM2000-5999,THS_T,2007,60.0
DE,OWN,KM2000-5999,THS_T,2008,65.0
DE,OWN,KM2000-5999,THS_T,2009,37.0
DE,OWN,KM2000-5999,THS_T,2010,29.0
DE,OWN,KM2000-5999,THS_T,2011,26.0
DE,OWN,KM300-499,THS_T,1999,24830.0
DE,OWN,KM300-499,THS_T,2000,24547.0
DE,OWN,KM300-499,THS_T,2001,25873.0
DE,OWN,KM300-499,THS_T,2002,24583.0
DE,OWN,KM300-499,THS_T,2003,21966.0
DE,OWN,KM300-499,THS_T,2004,21647.0
DE,OWN,KM300-499,THS_T,2005,20133.0
DE,OWN,KM300-499,THS_T,2006,21574.0
DE,OWN,KM300-499,THS_T,2007,20837.0
DE,OWN,KM300-499,THS_T,2008,23901.0
DE,OWN,KM300-499,THS_T,2009,20612.0
DE,OWN,KM300-499,THS_T,2010,16917.0
DE,OWN,KM300-499,THS_T,2011,16473.0
DE,OWN,KM300-499,THS_T,2012,15642.0
DE,OWN,KM300-499,THS_T,2013,14397.0
DE,OWN,KM300-499,THS_T,2014,14468.0
DE,OWN,KM300-499,THS_T,2015,13578.0
DE,OWN,KM300-499,THS_T,2016,13110.0
DE,OWN,KM300-499,THS_T,2017,12431.0
DE,OWN,KM300-499,THS_T,2018,12333.0
DE,OWN,KM300-499,THS_T,2019,11673.0
DE,OWN,KM300-499,THS_T,2020,12073.0
DE,OWN,KM300-499,THS_T,2021,11243.0
DE,OWN,KM300-499,THS_T,2022,11387.0
DE,OWN,KM300-499,THS_T,2023,10081.0
DE,OWN,KM300-499,THS_T,2024,10336.0
DE,OWN,KM50-149,THS_T,1999,294385.0
DE,OWN,KM50-149,THS_T,2000,286596.0
DE,OWN,KM50-149,THS_T,2001,279633.0
DE,OWN,KM50-149,THS_T,2002,256673.0
DE,OWN,KM50-149,THS_T,2003,252093.0
DE,OWN,KM50-149,THS_T,2004,246838.0
DE,OWN,KM50-149,THS_T,2005,239987.0
DE,OWN,KM50-149,THS_T,2006,250445.0
DE,OWN,KM50-149,THS_T,2007,241500.0
DE,OWN,KM50-149,THS_T,2008,224777.0
DE,OWN,KM50-149,THS_T,2009,208403.0
DE,OWN,KM50-149,THS_T,2010,166077.0
DE,OWN,KM50-149,THS_T,2011,172858.0
DE,OWN,KM50-149,THS_T,2012,165055.0
DE,OWN,KM50-149,THS_T,2013,163697.0
DE,OWN,KM50-149,THS_T,2014,164995.0
DE,OWN,KM50-149,THS_T,2015,163084.0
DE,OWN,KM50-149,THS_T,2016,157322.0
DE,OWN,KM50-149,THS_T,2017,152902.0
DE,OWN,KM50-149,THS_T,2018,149266.0
DE,OWN,KM50-149,THS_T,2019,149462.0
DE,OWN,KM50-149,THS_T,2020,148436.0
DE,OWN,KM50-149,THS_T,2021,146728.0
DE,OWN,KM50-149,THS_T,2022,137320.0
DE,OWN,KM50-149,THS_T,2023,131587.0
DE,OWN,KM50-149,THS_T,2024,127757.0
DE,OWN,KM500-999,THS_T,1999,10119.0
DE,OWN,KM500-999,THS_T,2000,9022.0
DE,OWN,KM500-999,THS_T,2001,9352.0
DE,OWN,KM500-999,THS_T,2002,8701.0
DE,OWN,KM500-999,THS_T,2003,6726.0
DE,OWN,KM500-999,THS_T,2004,7255.0
DE,OWN,KM500-999,THS_T,2005,6717.0
DE,OWN,KM500-999,THS_T,2006,7599.0
DE,OWN,KM500-999,THS_T,2007,6456.0
DE,OWN,KM500-999,THS_T,2008,9440.0
DE,OWN,KM500-999,THS_T,2009,8039.0
DE,OWN,KM500-999,THS_T,2010,6843.0
DE,OWN,KM500-999,THS_T,2011,6531.0
DE,OWN,KM500-999,THS_T,2012,6179.0
DE,OWN,KM500-999,THS_T,2013,6066.0
DE,OWN,KM500-999,THS_T,2014,5825.0
DE,OWN,KM500-999,THS_T,2015,5334.0
DE,OWN,KM500-999,THS_T,2016,4803.0
DE,OWN,KM500-999,THS_T,2017,4407.0
DE,OWN,KM500-999,THS_T,2018,4792.0
DE,OWN,KM500-999,THS_T,2019,4014.0
DE,OWN,KM500-999,THS_T,2020,4545.0
DE,OWN,KM500-999,THS_T,2021,4059.0
DE,OWN,KM500-999,THS_T,2022,3899.0
DE,OWN,KM500-999,THS_T,2023,3971.0
DE,OWN,KM500-999,THS_T,2024,3550.0
DE,OWN,KM_LT50,THS_T,1999,1230778.0
DE,OWN,KM_LT50,THS_T,2000,1124282.0
DE,OWN,KM_LT50,THS_T,2001,1068044.0
DE,OWN,KM_LT50,THS_T,2002,951627.0
DE,OWN,KM_LT50,THS_T,2003,912724.0
DE,OWN,KM_LT50,THS_T,2004,899557.0
DE,OWN,KM_LT50,THS_T,2005,834661.0
DE,OWN,KM_LT50,THS_T,2006,880522.0
DE,OWN,KM_LT50,THS_T,2007,849470.0
DE,OWN,KM_LT50,THS_T,2008,820670.0
DE,OWN,KM_LT50,THS_T,2009,702361.0
DE,OWN,KM_LT50,THS_T,2010,515448.0
DE,OWN,KM_LT50,THS_T,2011,561803.0
DE,OWN,KM_LT50,THS_T,2012,538820.0
DE,OWN,KM_LT50,THS_T,2013,530713.0
DE,OWN,KM_LT50,THS_T,2014,552319.0
DE,OWN,KM_LT50,THS_T,2015,520590.0
DE,OWN,KM_LT50,THS_T,2016,508277.0
DE,OWN,KM_LT50,THS_T,2017,498200.0
DE,OWN,KM_LT50,THS_T,2018,495491.0
DE,OWN,KM_LT50,THS_T,2019,501638.0
DE,OWN,KM_LT50,THS_T,2020,484578.0
DE,OWN,KM_LT50,THS_T,2021,458412.0
DE,OWN,KM_LT50,THS_T,2022,435074.0
DE,OWN,KM_LT50,THS_T,2023,400121.0
DE,OWN,KM_LT50,THS_T,2024,378350.0
DE,OWN,TOTAL,THS_T,1999,1649619.0
DE,OWN,TOTAL,THS_T,2000,1533092.0
DE,OWN,TOTAL,THS_T,2001,1473715.0
DE,OWN,TOTAL,THS_T,2002,1327196.0
DE,OWN,TOTAL,THS_T,2003,1273501.0
DE,OWN,TOTAL,THS_T,2004,1256752.0
DE,OWN,TOTAL,THS_T,2005,1178558.0
DE,OWN,TOTAL,THS_T,2006,1240095.0
DE,OWN,TOTAL,THS_T,2007,1193899.0
DE,OWN,TOTAL,THS_T,2008,1160702.0
DE,OWN,TOTAL,THS_T,2009,1016604.0
DE,OWN,TOTAL,THS_T,2010,767789.0
DE,OWN,TOTAL,THS_T,2011,819489.0
DE,OWN,TOTAL,THS_T,2012,781162.0
DE,OWN,TOTAL,THS_T,2013,769101.0
DE,OWN,TOTAL,THS_T,2014,791758.0
DE,OWN,TOTAL,THS_T,2015,755086.0
DE,OWN,TOTAL,THS_T,2016,734759.0
DE,OWN,TOTAL,THS_T,2017,717585.0
DE,OWN,TOTAL,THS_T,2018,711997.0
DE,OWN,TOTAL,THS_T,2019,717897.0
DE,OWN,TOTAL,THS_T,2020,700103.0
DE,OWN,TOTAL,THS_T,2021,668176.0
DE,OWN,TOTAL,THS_T,2022,633824.0
DE,OWN,TOTAL,THS_T,2023,590308.0
DE,OWN,TOTAL,THS_T,2024,564700.0
DE,TOTAL,KM1000-1999,THS_T,1999,11368.0
DE,TOTAL,KM1000-1999,THS_T,2000,10859.0
DE,TOTAL,KM1000-1999,THS_T,2001,11219.0
DE,TOTAL,KM1000-1999,THS_T,2002,12170.0
DE,TOTAL,KM1000-1999,THS_T,2003,12062.0
DE,TOTAL,KM1000-1999,THS_T,2004,13947.0
DE,TOTAL,KM1000-1999,THS_T,2005,13166.0
DE,TOTAL,KM1000-1999,THS_T,2006,14590.0
DE,TOTAL,KM1000-1999,THS_T,2007,14037.0
DE,TOTAL,KM1000-1999,THS_T,2008,15496.0
DE,TOTAL,KM1000-1999,THS_T,2009,12312.0
DE,TOTAL,KM1000-1999,THS_T,2010,10958.0
DE,TOTAL,KM1000-1999,THS_T,2011,10542.0
DE,TOTAL,KM1000-1999,THS_T,2012,8994.0
DE,TOTAL,KM1000-1999,THS_T,2013,8241.0
DE,TOTAL,KM1000-1999,THS_T,2014,7588.0
DE,TOTAL,KM1000-1999,THS_T,2015,6973.0
DE,TOTAL,KM1000-1999,THS_T,2016,6921.0
DE,TOTAL,KM1000-1999,THS_T,2017,6168.0
DE,TOTAL,KM1000-1999,THS_T,2018,5817.0
DE,TOTAL,KM1000-1999,THS_T,2019,5716.0
DE,TOTAL,KM1000-1999,THS_T,2020,5054.0
DE,TOTAL,KM1000-1999,THS_T,2021,5199.0
DE,TOTAL,KM1000-1999,THS_T,2022,5651.0
DE,TOTAL,KM1000-1999,THS_T,2023,5047.0
DE,TOTAL,KM1000-1999,THS_T,2024,4956.0
DE,TOTAL,KM150-299,THS_T,1999,283303.0
DE,TOTAL,KM150-299,THS_T,2000,291459.0
DE,TOTAL,KM150-299,THS_T,2001,296165.0
DE,TOTAL,KM150-299,THS_T,2002,297623.0
DE,TOTAL,KM150-299,THS_T,2003,303251.0
DE,TOTAL,KM150-299,THS_T,2004,311118.0
DE,TOTAL,KM150-299,THS_T,2005,323349.0
DE,TOTAL,KM150-299,THS_T,2006,339074.0
DE,TOTAL,KM150-299,THS_T,2007,356679.0
DE,TOTAL,KM150-299,THS_T,2008,352856.0
DE,TOTAL,KM150-299,THS_T,2009,330662.0
DE,TOTAL,KM150-299,THS_T,2010,342875.0
DE,TOTAL,KM150-299,THS_T,2011,356055.0
DE,TOTAL,KM150-299,THS_T,2012,342797.0
DE,TOTAL,KM150-299,THS_T,2013,348609.0
DE,TOTAL,KM150-299,THS_T,2014,356140.0
DE,TOTAL,KM150-299,THS_T,2015,373477.0
DE,TOTAL,KM150-299,THS_T,2016,377113.0
DE,TOTAL,KM150-299,THS_T,2017,381062.0
DE,TOTAL,KM150-299,THS_T,2018,391299.0
DE,TOTAL,KM150-299,THS_T,2019,387819.0
DE,TOTAL,KM150-299,THS_T,2020,383146.0
DE,TOTAL,KM150-299,THS_T,2021,390019.0
DE,TOTAL,KM150-299,THS_T,2022,382070.0
DE,TOTAL,KM150-299,THS_T,2023,367388.0
DE,TOTAL,KM150-299,THS_T,2024,363617.0
DE,TOTAL,KM2000-5999,THS_T,1999,1145.0
DE,TOTAL,KM2000-5999,THS_T,2000,1363.0
DE,TOTAL,KM2000-5999,THS_T,2001,1382.0
DE,TOTAL,KM2000-5999,THS_T,2002,1242.0
DE,TOTAL,KM2000-5999,THS_T,2003,1275.0
DE,TOTAL,KM2000-5999,THS_T,2004,1259.0
DE,TOTAL,KM2000-5999,THS_T,2005,1334.0
DE,TOTAL,KM2000-5999,THS_T,2006,1573.0
DE,TOTAL,KM2000-5999,THS_T,2007,1569.0
DE,TOTAL,KM2000-5999,THS_T,2008,1229.0
DE,TOTAL,KM2000-5999,THS_T,2009,1039.0
DE,TOTAL,KM2000-5999,THS_T,2010,1160.0
DE,TOTAL,KM2000-5999,THS_T,2011,1146.0
DE,TOTAL,KM2000-5999,THS_T,2012,820.0
DE,TOTAL,KM2000-5999,THS_T,2013,714.0
DE,TOTAL,KM2000-5999,THS_T,2014,719.0
DE,TOTAL,KM2000-5999,THS_T,2015,510.0
DE,TOTAL,KM2000-5999,THS_T,2016,404.0
DE,TOTAL,KM2000-5999,THS_T,2017,393.0
DE,TOTAL,KM2000-5999,THS_T,2018,377.0
DE,TOTAL,KM2000-5999,THS_T,2019,374.0
DE,TOTAL,KM2000-5999,THS_T,2020,269.0
DE,TOTAL,KM2000-5999,THS_T,2021,379.0
DE,TOTAL,KM2000-5999,THS_T,2022,425.0
DE,TOTAL,KM2000-5999,THS_T,2023,403.0
DE,TOTAL,KM2000-5999,THS_T,2024,391.0
DE,TOTAL,KM300-499,THS_T,1999,142794.0
DE,TOTAL,KM300-499,THS_T,2000,146002.0
DE,TOTAL,KM300-499,THS_T,2001,155446.0
DE,TOTAL,KM300-499,THS_T,2002,155850.0
DE,TOTAL,KM300-499,THS_T,2003,158584.0
DE,TOTAL,KM300-499,THS_T,2004,166467.0
DE,TOTAL,KM300-499,THS_T,2005,172259.0
DE,TOTAL,KM300-499,THS_T,2006,186107.0
DE,TOTAL,KM300-499,THS_T,2007,196319.0
DE,TOTAL,KM300-499,THS_T,2008,195220.0
DE,TOTAL,KM300-499,THS_T,2009,174317.0
DE,TOTAL,KM300-499,THS_T,2010,184115.0
DE,TOTAL,KM300-499,THS_T,2011,187669.0
DE,TOTAL,KM300-499,THS_T,2012,177343.0
DE,TOTAL,KM300-499,THS_T,2013,176385.0
DE,TOTAL,KM300-499,THS_T,2014,178244.0
DE,TOTAL,KM300-499,THS_T,2015,183255.0
DE,TOTAL,KM300-499,THS_T,2016,181454.0
DE,TOTAL,KM300-499,THS_T,2017,177060.0
DE,TOTAL,KM300-499,THS_T,2018,182336.0
DE,TOTAL,KM300-499,THS_T,2019,172805.0
DE,TOTAL,KM300-499,THS_T,2020,170479.0
DE,TOTAL,KM300-499,THS_T,2021,173383.0
DE,TOTAL,KM300-499,THS_T,2022,168700.0
DE,TOTAL,KM300-499,THS_T,2023,157810.0
DE,TOTAL,KM300-499,THS_T,2024,154214.0
DE,TOTAL,KM50-149,THS_T,1999,634239.0
DE,TOTAL,KM50-149,THS_T,2000,637887.0
DE,TOTAL,KM50-149,THS_T,2001,627150.0
DE,TOTAL,KM50-149,THS_T,2002,590633.0
DE,TOTAL,KM50-149,THS_T,2003,604070.0
DE,TOTAL,KM50-149,THS_T,2004,622659.0
DE,TOTAL,KM50-149,THS_T,2005,638734.0
DE,TOTAL,KM50-149,THS_T,2006,672275.0
DE,TOTAL,KM50-149,THS_T,2007,696285.0
DE,TOTAL,KM50-149,THS_T,2008,640170.0
DE,TOTAL,KM50-149,THS_T,2009,606183.0
DE,TOTAL,KM50-149,THS_T,2010,623045.0
DE,TOTAL,KM50-149,THS_T,2011,673873.0
DE,TOTAL,KM50-149,THS_T,2012,661386.0
DE,TOTAL,KM50-149,THS_T,2013,679227.0
DE,TOTAL,KM50-149,THS_T,2014,716324.0
DE,TOTAL,KM50-149,THS_T,2015,733169.0
DE,TOTAL,KM50-149,THS_T,2016,747944.0
DE,TOTAL,KM50-149,THS_T,2017,770257.0
DE,TOTAL,KM50-149,THS_T,2018,777609.0
DE,TOTAL,KM50-149,THS_T,2019,790142.0
DE,TOTAL,KM50-149,THS_T,2020,774887.0
DE,TOTAL,KM50-149,THS_T,2021,775718.0
DE,TOTAL,KM50-149,THS_T,2022,769914.0
DE,TOTAL,KM50-149,THS_T,2023,735380.0
DE,TOTAL,KM50-149,THS_T,2024,728756.0
DE,TOTAL,KM500-999,THS_T,1999,89064.0
DE,TOTAL,KM500-999,THS_T,2000,91241.0
DE,TOTAL,KM500-999,THS_T,2001,97655.0
DE,TOTAL,KM500-999,THS_T,2002,98001.0
DE,TOTAL,KM500-999,THS_T,2003,101999.0
DE,TOTAL,KM500-999,THS_T,2004,107198.0
DE,TOTAL,KM500-999,THS_T,2005,109047.0
DE,TOTAL,KM500-999,THS_T,2006,115833.0
DE,TOTAL,KM500-999,THS_T,2007,121408.0
DE,TOTAL,KM500-999,THS_T,2008,127748.0
DE,TOTAL,KM500-999,THS_T,2009,109957.0
DE,TOTAL,KM500-999,THS_T,2010,110438.0
DE,TOTAL,KM500-999,THS_T,2011,111118.0
DE,TOTAL,KM500-999,THS_T,2012,102845.0
DE,TOTAL,KM500-999,THS_T,2013,98926.0
DE,TOTAL,KM500-999,THS_T,2014,95196.0
DE,TOTAL,KM500-999,THS_T,2015,94873.0
DE,TOTAL,KM500-999,THS_T,2016,92415.0
DE,TOTAL,KM500-999,THS_T,2017,88102.0
DE,TOTAL,KM500-999,THS_T,2018,86382.0
DE,TOTAL,KM500-999,THS_T,2019,83783.0
DE,TOTAL,KM500-999,THS_T,2020,80798.0
DE,TOTAL,KM500-999,THS_T,2021,79600.0
DE,TOTAL,KM500-999,THS_T,2022,80711.0
DE,TOTAL,KM500-999,THS_T,2023,74237.0
DE,TOTAL,KM500-999,THS_T,2024,72019.0
DE,TOTAL,KM_GE6000,THS_T,2016,6.0
DE,TOTAL,KM_GE6000,THS_T,2021,8.0
DE,TOTAL,KM_LT50,THS_T,1999,2186679.0
DE,TOTAL,KM_LT50,THS_T,2000,1992785.0
DE,TOTAL,KM_LT50,THS_T,2001,1871197.0
DE,TOTAL,KM_LT50,THS_T,2002,1735339.0
DE,TOTAL,KM_LT50,THS_T,2003,1719645.0
DE,TOTAL,KM_LT50,THS_T,2004,1722388.0
DE,TOTAL,KM_LT50,THS_T,2005,1692035.0
DE,TOTAL,KM_LT50,THS_T,2006,1773750.0
DE,TOTAL,KM_LT50,THS_T,2007,1825418.0
DE,TOTAL,KM_LT50,THS_T,2008,1745627.0
DE,TOTAL,KM_LT50,THS_T,2009,1534730.0
DE,TOTAL,KM_LT50,THS_T,2010,1462013.0
DE,TOTAL,KM_LT50,THS_T,2011,1646329.0
DE,TOTAL,KM_LT50,THS_T,2012,1597641.0
DE,TOTAL,KM_LT50,THS_T,2013,1626600.0
DE,TOTAL,KM_LT50,THS_T,2014,1698418.0
DE,TOTAL,KM_LT50,THS_T,2015,1643082.0
DE,TOTAL,KM_LT50,THS_T,2016,1705617.0
DE,TOTAL,KM_LT50,THS_T,2017,1738806.0
DE,TOTAL,KM_LT50,THS_T,2018,1757116.0
DE,TOTAL,KM_LT50,THS_T,2019,1767604.0
DE,TOTAL,KM_LT50,THS_T,2020,1705025.0
DE,TOTAL,KM_LT50,THS_T,2021,1683688.0
DE,TOTAL,KM_LT50,THS_T,2022,1653511.0
DE,TOTAL,KM_LT50,THS_T,2023,1516504.0
DE,TOTAL,KM_LT50,THS_T,2024,1454326.0
DE,TOTAL,TOTAL,THS_T,1999,3348608.0
DE,TOTAL,TOTAL,THS_T,2000,3171595.0
DE,TOTAL,TOTAL,THS_T,2001,3060214.0
DE,TOTAL,TOTAL,THS_T,2002,2890857.0
DE,TOTAL,TOTAL,THS_T,2003,2900888.0
DE,TOTAL,TOTAL,THS_T,2004,2945036.0
DE,TOTAL,TOTAL,THS_T,2005,2949924.0
DE,TOTAL,TOTAL,THS_T,2006,3103202.0
DE,TOTAL,TOTAL,THS_T,2007,3211715.0
DE,TOTAL,TOTAL,THS_T,2008,3078346.0
DE,TOTAL,TOTAL,THS_T,2009,2769201.0
DE,TOTAL,TOTAL,THS_T,2010,2734605.0
DE,TOTAL,TOTAL,THS_T,2011,2986736.0
DE,TOTAL,TOTAL,THS_T,2012,2891837.0
DE,TOTAL,TOTAL,THS_T,2013,2938701.0
DE,TOTAL,TOTAL,THS_T,2014,3052628.0
DE,TOTAL,TOTAL,THS_T,2015,3035342.0
DE,TOTAL,TOTAL,THS_T,2016,3111875.0
DE,TOTAL,TOTAL,THS_T,2017,3161849.0
DE,TOTAL,TOTAL,THS_T,2018,3200936.0
DE,TOTAL,TOTAL,THS_T,2019,3208244.0
DE,TOTAL,TOTAL,THS_T,2020,3119657.0
DE,TOTAL,TOTAL,THS_T,2021,3107994.0
DE,TOTAL,TOTAL,THS_T,2022,3060982.0
DE,TOTAL,TOTAL,THS_T,2023,2856769.0
DE,TOTAL,TOTAL,THS_T,2024,2778277.0
